uniprot_id,sequence_length,plddt_trajectory,mean_plddt,cath_class
A0A024R1R8,64,"[59.87, 55.91, 62.74, 59.86, 61.56, 61.92, 60.18, 56.45, 56.8, 58.98, 58.65, 57.74, 59.55, 61.47, 62.44, 63.09, 62.95, 64.14, 67.46, 69.75, 70.33, 74.68, 82.96, 82.74, 84.09, 88.62, 89.67, 89.22, 90.09, 92.26, 91.71, 92.71, 93.79, 92.51, 90.69, 91.5, 91.73, 91.73, 89.1, 87.25, 88.49, 86.93, 82.05, 84.16, 80.75, 79.04, 77.36, 72.71, 65.7, 64.15, 59.31, 63.13, 63.07, 61.74, 62.79, 56.77, 65.22, 64.67, 62.36, 62.68, 62.07, 67.59, 55.68, 54.79]",72.2203125,
A0A087WYE8,117,"[46.79, 48.05, 57.2, 53.16, 63.28, 63.68, 68.86, 67.43, 66.73, 68.21, 75.07, 72.87, 74.18, 69.84, 71.52, 63.95, 68.03, 63.61, 76.39, 90.36, 92.19, 96.1, 97.28, 97.75, 98.47, 97.7, 97.21, 96.59, 96.6, 96.19, 96.75, 96.25, 96.28, 97.19, 98.05, 97.63, 97.35, 97.65, 98.0, 98.38, 98.46, 98.17, 97.67, 96.21, 94.61, 93.25, 94.45, 96.37, 97.36, 96.38, 95.84, 97.95, 98.05, 98.32, 98.37, 97.21, 95.35, 95.31, 91.66, 83.48, 82.01, 83.79, 89.73, 94.12, 95.14, 96.6, 97.21, 98.07, 98.38, 98.51, 98.19, 97.66, 97.59, 97.26, 97.11, 97.96, 98.26, 97.81, 98.12, 97.08, 96.31, 92.86, 94.68, 92.34, 94.98, 97.03, 97.71, 98.06, 98.41, 97.98, 97.83, 97.65, 97.37, 96.92, 97.28, 97.55, 98.29, 98.38, 98.42, 98.13, 98.29, 97.68, 97.83, 97.15, 97.04, 94.81, 92.76, 90.84, 93.73, 94.59, 95.41, 95.45, 96.52, 96.95, 98.0, 97.08, 90.66]",91.08427350427353,
A0A0B4J1V2,119,"[59.24, 69.45, 70.28, 67.4, 68.15, 66.35, 66.73, 62.26, 61.15, 63.08, 61.74, 63.54, 62.71, 60.06, 61.68, 62.06, 67.14, 66.21, 72.75, 89.09, 93.21, 96.41, 98.25, 98.38, 98.63, 98.57, 98.13, 97.76, 96.94, 96.81, 97.52, 97.51, 97.25, 97.22, 98.16, 98.48, 98.51, 98.75, 98.84, 98.85, 98.79, 98.66, 97.88, 96.09, 94.28, 93.62, 95.55, 97.18, 96.09, 95.11, 93.89, 91.8, 94.83, 97.48, 98.67, 98.64, 98.82, 98.51, 98.01, 98.29, 97.59, 97.64, 97.79, 97.41, 97.52, 97.83, 97.82, 98.28, 98.53, 98.74, 98.56, 98.73, 98.12, 97.07, 96.44, 97.21, 97.74, 98.37, 98.31, 98.67, 97.76, 96.09, 93.29, 95.68, 97.26, 97.7, 97.95, 98.63, 98.7, 98.78, 98.45, 98.13, 97.6, 96.83, 96.8, 97.94, 97.62, 98.72, 98.8, 98.85, 98.87, 98.64, 98.51, 98.32, 97.75, 98.02, 97.16, 96.52, 95.76, 97.34, 97.67, 97.99, 98.3, 98.61, 98.5, 98.34, 98.17, 96.65, 94.07]",92.20655462184872,
A0A0G2JN01,328,"[35.66, 43.66, 41.06, 47.11, 43.99, 48.29, 43.12, 41.45, 39.37, 37.03, 39.37, 39.59, 38.19, 46.68, 36.36, 44.57, 32.65, 36.14, 33.47, 37.04, 34.2, 34.43, 38.47, 39.42, 49.36, 55.9, 75.14, 88.34, 92.7, 94.91, 96.21, 96.5, 96.48, 95.11, 91.58, 91.31, 93.73, 93.68, 95.24, 95.94, 95.71, 95.42, 96.23, 97.12, 96.64, 97.32, 97.18, 95.98, 94.74, 92.03, 88.68, 85.52, 80.65, 79.29, 83.8, 84.16, 90.19, 93.0, 92.52, 95.23, 93.01, 93.71, 90.9, 89.16, 82.23, 86.53, 86.92, 89.98, 85.89, 87.37, 87.93, 85.8, 84.43, 89.64, 90.93, 91.73, 91.37, 89.74, 95.08, 95.09, 95.09, 95.06, 92.11, 95.7, 96.28, 95.41, 94.7, 94.01, 95.94, 95.58, 95.23, 95.73, 95.95, 95.6, 94.46, 92.58, 91.18, 88.54, 82.01, 72.0, 71.72, 64.37, 57.98, 61.15, 79.56, 87.29, 88.87, 90.26, 92.66, 95.07, 95.35, 95.98, 95.63, 94.97, 95.45, 95.34, 96.54, 97.09, 96.11, 93.12, 95.01, 96.36, 97.6, 98.16, 98.21, 98.34, 97.32, 97.14, 96.19, 92.7, 92.67, 94.2, 93.6, 95.15, 94.12, 90.37, 87.79, 94.43, 96.2, 97.09, 98.04, 98.29, 97.86, 98.14, 97.38, 97.46, 95.37, 94.49, 94.4, 96.28, 95.42, 96.23, 97.57, 96.69, 97.51, 95.86, 95.16, 93.84, 91.15, 90.32, 88.72, 87.75, 88.75, 92.22, 94.51, 95.08, 96.69, 96.22, 94.01, 95.31, 91.43, 90.61, 89.85, 90.9, 95.45, 97.12, 97.17, 97.86, 97.75, 98.02, 96.37, 95.39, 91.55, 94.34, 95.28, 93.87, 92.85, 93.12, 95.17, 95.61, 96.4, 97.03, 97.74, 97.8, 97.85, 98.0, 97.6, 96.44, 93.57, 88.79, 88.62, 91.99, 91.21, 93.54, 95.37, 97.03, 97.79, 97.4, 97.17, 98.28, 97.4, 96.8, 96.7, 95.67, 96.6, 95.49, 95.94, 95.08, 91.32, 87.16, 88.23, 92.19, 95.62, 96.66, 97.11, 97.8, 96.98, 96.66, 94.93, 93.12, 94.61, 93.84, 94.99, 94.1, 93.07, 91.35, 91.48, 93.19, 94.59, 95.07, 95.98, 96.91, 96.37, 97.14, 95.79, 95.32, 93.29, 92.13, 91.38, 94.62, 94.73, 95.81, 96.7, 96.02, 96.4, 94.16, 92.95, 90.0, 84.18, 83.56, 71.53, 80.42, 86.43, 91.54, 94.05, 94.81, 94.98, 93.39, 92.19, 85.03, 79.16, 76.33, 82.95, 83.95, 90.52, 93.57, 94.74, 96.38, 96.01, 96.22, 94.12, 92.19, 91.48, 91.81, 88.04, 86.89, 86.82, 89.81, 93.4, 96.22, 96.31, 96.29, 96.58, 96.33, 95.72, 95.41, 94.02, 92.3, 92.04, 92.71, 91.58, 94.74, 94.62, 95.45, 95.43, 94.46, 93.9, 96.52, 96.63, 96.72, 96.95, 96.47, 95.24, 94.58, 92.23, 89.81, 77.62, 60.04, 48.52, 43.95, 38.12, 40.74, 40.58, 41.7, 41.78, 40.4, 54.93, 55.15]",87.06527439024391,
A0A1B0GUA7,166,"[48.25, 48.23, 52.49, 48.98, 52.55, 56.75, 58.43, 49.7, 49.42, 49.93, 45.51, 49.68, 44.73, 47.65, 50.01, 51.11, 49.69, 54.83, 46.55, 48.19, 54.5, 56.27, 53.39, 52.93, 54.47, 53.47, 52.68, 49.94, 54.87, 50.4, 46.98, 52.39, 53.71, 50.65, 54.38, 48.11, 53.42, 51.33, 48.0, 50.5, 52.32, 51.61, 59.25, 62.03, 62.3, 62.8, 64.87, 72.99, 76.08, 75.42, 81.04, 82.74, 84.44, 86.2, 89.2, 87.77, 88.56, 92.13, 92.07, 91.14, 91.47, 93.46, 91.45, 90.96, 92.15, 93.03, 91.35, 91.53, 92.54, 91.47, 89.6, 84.29, 88.95, 88.74, 90.56, 92.85, 92.08, 91.86, 91.77, 93.16, 90.74, 89.3, 91.11, 92.97, 89.8, 89.97, 92.08, 92.14, 89.36, 86.98, 91.27, 88.88, 85.43, 86.56, 87.71, 81.98, 79.78, 81.55, 77.99, 71.52, 68.99, 69.99, 66.49, 61.55, 56.96, 56.03, 58.64, 60.93, 64.61, 65.29, 65.12, 65.1, 66.4, 73.69, 73.2, 82.12, 79.19, 75.04, 70.86, 64.23, 66.08, 63.22, 62.48, 59.75, 60.01, 62.58, 61.87, 58.63, 53.12, 55.73, 55.87, 57.03, 54.53, 52.54, 54.04, 53.69, 54.97, 56.41, 61.34, 61.17, 61.58, 64.41, 68.07, 72.04, 68.02, 69.94, 74.46, 77.08, 68.82, 70.3, 66.84, 63.37, 59.0, 54.36, 51.42, 46.69, 47.38, 43.21, 46.12, 42.45, 44.95, 49.43, 47.63, 53.31, 55.83, 50.09]",67.14885542168675,
A0A1W2PRE2,83,"[44.92, 54.57, 59.25, 55.32, 54.83, 56.75, 56.07, 58.41, 61.81, 59.35, 61.18, 68.25, 67.16, 66.93, 69.3, 72.8, 71.26, 69.73, 73.77, 74.13, 69.73, 71.58, 73.2, 70.13, 69.37, 69.57, 70.56, 63.23, 63.91, 65.62, 64.16, 58.24, 61.11, 61.23, 54.56, 55.42, 54.61, 57.54, 58.83, 62.44, 63.32, 61.16, 63.33, 66.3, 66.78, 64.03, 65.85, 68.3, 63.57, 64.32, 65.22, 66.78, 63.16, 63.08, 65.92, 64.13, 63.33, 62.78, 64.43, 63.22, 61.97, 60.15, 61.14, 56.18, 48.18, 48.04, 45.57, 49.35, 45.67, 52.68, 51.33, 55.72, 52.43, 53.59, 55.76, 52.45, 54.22, 50.9, 55.0, 62.18, 52.85, 61.94, 47.4]",60.89807228915662,
A0A5F9ZHS0,59,"[40.69, 48.87, 55.82, 50.22, 58.12, 55.43, 58.24, 59.41, 53.52, 59.14, 64.68, 60.48, 60.18, 59.58, 56.87, 55.18, 52.79, 52.77, 54.11, 52.34, 52.03, 52.78, 55.78, 56.07, 51.1, 56.63, 58.43, 61.82, 65.93, 66.65, 63.24, 64.36, 63.02, 62.34, 55.97, 57.22, 56.44, 54.52, 52.02, 52.69, 52.63, 53.37, 46.77, 48.74, 52.7, 51.97, 52.59, 54.94, 57.39, 59.24, 58.14, 59.93, 64.92, 64.85, 60.01, 60.32, 60.31, 59.2, 49.35]",56.52288135593219,
A1L4Q6,167,"[27.96, 27.0, 27.05, 26.97, 24.76, 28.52, 23.18, 25.07, 24.29, 26.57, 30.03, 28.44, 31.73, 32.36, 35.74, 34.21, 34.58, 33.69, 36.56, 35.59, 34.76, 35.21, 34.63, 32.27, 33.22, 33.27, 36.22, 34.52, 38.79, 39.86, 39.69, 40.31, 48.15, 45.71, 48.55, 47.46, 47.66, 46.8, 43.38, 44.18, 43.08, 41.18, 38.15, 33.9, 30.71, 27.02, 27.51, 28.92, 27.75, 30.06, 32.64, 31.2, 34.78, 36.73, 35.88, 34.51, 34.76, 35.86, 34.09, 35.27, 34.67, 32.14, 34.47, 33.46, 30.41, 27.94, 27.9, 26.07, 24.99, 23.88, 26.74, 23.12, 30.04, 23.99, 27.97, 23.71, 23.94, 25.75, 21.52, 21.58, 22.87, 20.85, 21.58, 28.71, 22.88, 23.06, 25.18, 22.52, 21.27, 21.68, 21.36, 26.3, 24.45, 21.93, 28.96, 25.41, 28.69, 29.67, 33.12, 34.92, 36.44, 37.83, 32.38, 34.79, 28.09, 34.65, 26.11, 28.84, 24.48, 29.74, 25.05, 25.6, 25.7, 24.76, 21.08, 29.59, 29.05, 31.52, 37.18, 40.65, 44.5, 44.16, 46.84, 50.41, 48.89, 48.65, 51.27, 49.06, 49.6, 47.0, 46.98, 50.24, 46.04, 43.54, 45.43, 44.43, 42.62, 44.27, 43.34, 50.95, 43.36, 45.07, 37.4, 34.39, 28.97, 28.28, 32.22, 30.03, 30.91, 35.81, 35.09, 32.19, 37.98, 36.06, 35.77, 38.38, 36.45, 35.47, 42.29, 41.73, 42.67, 41.26, 44.45, 43.24, 34.69, 39.23, 56.03]",34.03479041916168,
A6NE21,464,"[48.24, 49.22, 59.85, 55.31, 58.67, 62.9, 62.46, 61.49, 58.85, 56.41, 59.97, 60.5, 59.53, 61.36, 62.16, 60.55, 59.54, 60.46, 58.55, 59.41, 60.55, 59.08, 60.65, 58.05, 52.56, 54.82, 56.88, 56.53, 58.4, 52.5, 49.63, 51.36, 58.07, 58.5, 63.55, 62.39, 65.38, 70.03, 75.12, 77.7, 84.08, 85.16, 90.66, 91.84, 91.31, 89.16, 91.91, 90.76, 89.97, 90.85, 87.53, 91.43, 89.55, 87.28, 84.56, 84.89, 84.6, 85.4, 88.74, 84.78, 85.15, 77.83, 68.18, 62.49, 56.25, 52.29, 52.7, 50.73, 42.56, 43.86, 44.48, 42.5, 46.41, 41.11, 41.84, 48.18, 46.18, 44.1, 44.28, 54.46, 44.11, 51.77, 50.74, 54.07, 43.54, 43.31, 50.69, 35.47, 41.82, 42.27, 39.9, 40.4, 41.55, 40.97, 45.43, 38.14, 47.13, 38.37, 43.94, 40.8, 38.72, 40.59, 41.81, 37.55, 36.33, 38.04, 37.7, 38.59, 40.94, 45.65, 42.67, 48.04, 50.01, 49.14, 45.52, 44.78, 44.54, 45.37, 42.77, 41.63, 43.2, 40.01, 39.43, 42.72, 50.89, 47.84, 38.48, 46.23, 45.55, 48.6, 54.75, 45.71, 45.05, 45.75, 36.33, 43.28, 39.65, 40.05, 42.04, 40.09, 39.55, 41.5, 46.72, 45.69, 46.87, 44.53, 48.84, 60.18, 52.64, 50.9, 59.25, 54.25, 48.26, 47.01, 46.34, 45.71, 54.11, 46.19, 50.12, 48.14, 55.86, 42.04, 56.74, 47.56, 42.58, 39.58, 40.01, 36.39, 37.52, 41.68, 39.64, 44.36, 42.89, 42.89, 41.51, 41.56, 37.12, 40.49, 38.88, 39.42, 36.33, 33.62, 41.12, 34.8, 42.04, 39.06, 36.02, 37.91, 38.65, 35.67, 38.74, 34.68, 38.6, 36.37, 39.71, 40.8, 41.78, 43.2, 46.66, 46.88, 46.96, 44.89, 42.48, 38.99, 40.26, 38.83, 40.46, 42.96, 42.47, 41.42, 46.11, 40.17, 49.35, 40.04, 42.62, 43.86, 39.96, 41.48, 42.03, 40.13, 39.31, 40.44, 41.95, 40.9, 38.35, 38.47, 37.33, 49.29, 35.75, 36.18, 40.1, 32.01, 45.4, 41.71, 38.98, 33.05, 35.01, 39.51, 37.81, 41.17, 37.33, 36.29, 35.01, 36.31, 39.34, 37.33, 41.29, 40.3, 39.41, 39.75, 39.12, 37.54, 40.12, 40.72, 40.83, 39.86, 39.41, 47.47, 42.16, 46.06, 43.28, 40.26, 48.94, 40.96, 45.87, 44.29, 40.21, 41.51, 38.8, 36.91, 48.07, 39.5, 40.09, 41.74, 36.88, 41.49, 33.73, 42.85, 38.22, 43.7, 35.51, 37.9, 36.65, 38.95, 37.86, 37.92, 41.53, 35.22, 37.28, 32.85, 45.86, 36.93, 43.96, 40.56, 39.46, 38.67, 42.58, 41.61, 41.18, 32.26, 35.64, 44.74, 39.82, 45.05, 55.39, 52.94, 57.5, 54.59, 53.04, 54.45, 48.51, 56.47, 47.67, 48.81, 47.92, 53.75, 46.32, 39.11, 42.16, 43.57, 41.21, 36.64, 38.45, 42.35, 41.34, 39.79, 39.75, 42.84, 44.69, 36.02, 43.34, 41.22, 46.68, 57.9, 43.66, 36.07, 43.55, 42.71, 37.75, 44.1, 38.46, 40.0, 41.06, 43.49, 35.41, 44.23, 42.38, 38.77, 41.63, 41.21, 44.08, 38.44, 45.12, 35.45, 45.2, 39.98, 48.07, 38.57, 40.9, 44.28, 36.9, 46.25, 43.1, 45.78, 44.7, 39.18, 44.91, 40.1, 41.32, 49.31, 45.77, 46.94, 49.88, 50.23, 41.62, 40.67, 48.08, 44.36, 40.26, 45.69, 44.08, 43.43, 45.25, 46.73, 41.12, 49.21, 51.1, 56.14, 62.72, 68.69, 78.89, 82.57, 82.64, 87.95, 90.22, 90.96, 91.26, 93.37, 92.41, 87.79, 90.32, 88.21, 88.93, 89.51, 86.92, 90.18, 88.38, 87.17, 82.13, 78.95, 71.77, 66.62, 58.17, 54.38, 54.19, 49.53, 52.96, 47.62, 53.44, 51.13, 42.14, 42.81, 43.98, 49.19, 42.27, 46.62, 33.68, 47.28, 42.9, 47.76, 46.34, 42.01, 45.4, 48.38, 46.86, 43.13, 49.2, 46.47, 51.74, 59.34, 56.22, 64.72, 57.45, 51.49, 49.99, 54.04, 51.45, 56.97, 54.82, 55.99, 57.25, 50.69, 46.53, 42.82, 46.6, 55.84, 61.65, 60.32, 61.73, 64.78, 62.52, 61.59, 57.15, 41.86]",49.56900862068966,
A6NHS1,94,"[63.94, 61.77, 75.05, 67.42, 61.36, 61.61, 62.2, 58.94, 68.0, 57.98, 50.26, 54.74, 55.55, 58.98, 67.52, 66.64, 66.63, 78.56, 79.73, 80.25, 80.52, 83.33, 75.58, 77.32, 78.84, 66.05, 65.66, 65.44, 66.23, 69.87, 71.34, 70.18, 71.02, 70.54, 72.81, 78.4, 75.81, 83.11, 86.24, 84.75, 89.22, 89.72, 89.67, 89.09, 91.21, 90.48, 88.59, 86.53, 87.95, 86.91, 83.46, 85.97, 88.04, 86.09, 87.51, 84.36, 84.36, 85.31, 83.26, 81.14, 75.13, 69.19, 64.0, 60.52, 54.42, 58.42, 56.45, 42.18, 47.29, 49.02, 49.03, 49.33, 48.92, 48.52, 45.71, 47.85, 44.39, 50.8, 41.74, 40.41, 45.86, 46.95, 44.27, 43.12, 38.7, 47.82, 44.43, 45.5, 60.61, 51.36, 61.93, 44.56, 55.68, 48.14]",66.50308510638298,
A6NLU0,287,"[52.64, 61.33, 65.2, 63.97, 70.25, 73.53, 74.68, 77.75, 85.55, 89.4, 91.95, 91.03, 91.96, 93.64, 91.34, 91.75, 89.08, 89.81, 86.56, 89.87, 92.38, 93.85, 93.81, 94.29, 94.19, 94.12, 91.87, 91.96, 92.29, 93.13, 93.66, 93.26, 93.06, 94.02, 91.1, 88.65, 90.91, 89.22, 90.78, 91.49, 90.72, 87.22, 86.62, 82.87, 84.99, 91.0, 92.69, 92.22, 91.9, 86.53, 88.48, 92.11, 87.15, 94.14, 94.06, 95.05, 94.11, 89.92, 91.05, 93.11, 92.51, 94.06, 93.22, 91.03, 88.06, 87.06, 86.26, 85.0, 88.12, 87.08, 87.09, 88.67, 88.96, 85.63, 86.84, 90.33, 89.78, 86.62, 89.88, 90.71, 88.57, 88.6, 89.38, 90.48, 91.25, 94.42, 94.5, 94.8, 93.48, 95.2, 95.37, 94.65, 95.93, 96.85, 97.42, 96.79, 95.12, 95.62, 97.72, 98.34, 97.55, 97.41, 96.69, 97.77, 98.03, 97.68, 97.06, 96.0, 97.13, 96.48, 97.66, 97.08, 96.87, 96.32, 97.83, 97.57, 97.87, 97.48, 95.76, 94.25, 92.19, 90.47, 92.95, 95.06, 94.71, 93.25, 94.53, 93.67, 90.6, 93.15, 92.62, 93.68, 97.34, 97.96, 96.04, 95.25, 95.77, 96.73, 98.08, 98.43, 98.62, 98.25, 97.15, 96.3, 97.44, 97.92, 97.31, 96.97, 97.47, 98.12, 98.27, 98.12, 98.08, 97.79, 98.29, 97.79, 96.86, 93.36, 91.76, 94.0, 92.79, 95.14, 97.33, 98.35, 98.79, 98.68, 98.67, 98.23, 97.81, 96.09, 95.8, 96.9, 95.14, 96.65, 95.95, 95.01, 94.61, 95.39, 95.36, 96.75, 96.31, 93.85, 93.5, 95.76, 96.59, 98.08, 98.51, 98.7, 98.51, 97.34, 96.21, 94.19, 90.75, 90.1, 91.14, 94.04, 96.38, 97.28, 98.28, 97.58, 97.07, 94.83, 94.98, 95.81, 96.32, 96.36, 94.93, 89.35, 90.24, 85.81, 82.47, 85.68, 94.3, 95.3, 97.03, 98.18, 97.92, 98.67, 98.34, 98.53, 98.02, 97.81, 97.0, 97.41, 97.84, 97.95, 98.48, 98.3, 98.43, 96.85, 95.86, 95.43, 92.98, 91.74, 93.15, 93.34, 95.28, 96.44, 97.18, 97.59, 98.09, 97.33, 96.04, 95.92, 93.87, 90.42, 91.48, 94.78, 97.55, 98.09, 98.1, 98.53, 98.71, 98.67, 97.94, 95.84, 91.88, 86.24, 77.84, 82.06, 76.94, 81.75, 84.11, 86.87, 93.34, 95.45, 97.48, 97.75, 97.55, 95.0, 87.41, 83.06, 68.08, 53.0, 50.57, 47.43, 42.04, 41.93, 38.74, 38.97, 43.59, 44.98, 43.62, 45.51, 44.99, 41.03, 45.73]",90.61864111498258,
A8MQ03,144,"[57.83, 70.96, 71.93, 68.56, 65.51, 66.56, 69.98, 74.51, 79.37, 80.0, 79.67, 82.04, 83.2, 83.01, 82.82, 83.74, 79.67, 82.61, 79.7, 79.08, 76.91, 73.03, 70.57, 69.82, 67.24, 61.88, 63.35, 64.41, 60.87, 64.08, 61.54, 60.5, 57.93, 58.96, 57.95, 50.46, 46.31, 44.55, 46.58, 43.99, 43.45, 42.96, 47.31, 41.28, 43.41, 48.15, 45.7, 49.55, 42.4, 45.16, 47.68, 49.37, 43.9, 45.6, 36.32, 42.17, 41.55, 49.47, 39.1, 43.81, 45.5, 38.33, 49.35, 42.3, 37.83, 58.9, 50.71, 39.38, 44.37, 48.29, 40.11, 45.22, 45.23, 37.65, 43.86, 42.2, 45.5, 48.3, 45.08, 42.4, 45.86, 49.71, 49.06, 47.28, 59.86, 59.19, 67.09, 64.27, 56.9, 65.22, 59.75, 57.43, 57.56, 54.44, 57.77, 53.71, 58.29, 55.95, 48.53, 56.86, 53.06, 55.31, 63.4, 66.73, 61.98, 59.25, 63.65, 60.03, 65.04, 56.76, 59.64, 54.54, 56.85, 52.01, 52.1, 46.66, 51.72, 46.58, 50.03, 48.96, 47.93, 52.69, 49.07, 50.38, 53.77, 53.01, 56.41, 57.64, 56.66, 54.26, 54.42, 53.89, 54.88, 53.44, 57.97, 54.15, 53.15, 48.82, 50.36, 43.66, 46.35, 39.84, 50.24, 39.85]",55.43333333333334,
C9J3I9,102,"[63.17, 67.22, 71.35, 74.57, 76.69, 83.6, 85.9, 86.72, 90.37, 90.12, 90.73, 92.25, 93.39, 93.77, 93.13, 92.81, 94.4, 93.32, 90.94, 92.53, 93.4, 90.88, 89.23, 91.21, 91.9, 90.93, 90.26, 92.67, 91.66, 94.52, 93.77, 95.08, 96.04, 97.27, 97.25, 97.86, 97.55, 97.89, 98.36, 98.3, 98.51, 98.36, 98.5, 98.61, 98.64, 98.65, 98.7, 98.75, 98.57, 98.49, 98.43, 98.28, 98.21, 98.34, 97.66, 97.63, 97.14, 96.59, 96.08, 94.79, 91.7, 91.86, 92.25, 89.37, 86.04, 85.63, 82.95, 72.25, 65.74, 64.09, 53.85, 58.36, 50.59, 50.06, 52.66, 49.21, 50.62, 53.41, 50.94, 51.21, 53.84, 50.0, 47.85, 45.62, 53.13, 55.64, 53.23, 59.06, 57.94, 58.88, 61.43, 56.74, 55.95, 58.58, 60.93, 54.91, 53.82, 58.4, 65.18, 67.83, 64.56, 57.5]",79.95833333333334,
H0YL14,139,"[37.55, 45.59, 45.19, 50.49, 45.53, 49.98, 45.14, 47.94, 46.41, 45.41, 43.38, 44.61, 38.85, 44.76, 40.65, 45.15, 43.91, 45.21, 47.89, 48.89, 43.93, 46.17, 48.48, 47.5, 37.53, 33.31, 40.8, 43.81, 42.99, 44.72, 43.05, 42.46, 48.96, 47.33, 47.86, 49.9, 52.87, 48.3, 59.89, 60.72, 63.84, 65.03, 67.12, 67.56, 69.32, 75.42, 80.1, 82.21, 79.62, 86.11, 84.17, 86.68, 89.36, 88.61, 87.79, 88.89, 90.7, 89.45, 87.48, 87.86, 89.01, 88.6, 88.59, 89.14, 90.07, 88.93, 89.29, 91.98, 91.18, 90.39, 91.56, 93.32, 92.09, 90.67, 93.6, 92.68, 91.27, 91.9, 93.35, 92.33, 90.15, 92.76, 90.88, 91.68, 91.1, 92.3, 90.48, 89.75, 92.55, 90.8, 89.59, 89.74, 91.87, 90.39, 89.35, 91.26, 92.52, 91.53, 90.81, 92.92, 93.86, 91.15, 89.26, 87.28, 82.78, 80.99, 84.78, 84.69, 88.92, 88.63, 88.27, 89.37, 92.0, 90.99, 89.71, 90.32, 92.12, 90.34, 91.59, 92.41, 91.14, 90.5, 90.55, 90.92, 89.9, 89.21, 86.17, 87.29, 84.56, 84.17, 81.51, 80.05, 79.03, 80.8, 79.32, 74.44, 71.74, 73.49, 59.03]",75.07978417266186,
O00244,68,"[85.76, 94.82, 98.2, 98.54, 98.69, 98.84, 98.69, 98.79, 98.34, 97.94, 96.2, 97.45, 96.72, 98.33, 98.38, 98.44, 98.62, 98.69, 98.84, 98.83, 98.83, 98.82, 98.84, 98.75, 98.73, 98.69, 98.06, 97.86, 98.4, 98.7, 98.6, 98.59, 98.69, 98.16, 98.09, 97.34, 97.99, 98.49, 98.6, 98.85, 98.7, 98.74, 98.72, 98.47, 97.98, 98.23, 96.85, 97.07, 98.21, 98.66, 98.77, 98.64, 98.74, 98.88, 98.9, 98.6, 98.56, 98.3, 98.12, 97.89, 98.48, 98.78, 98.42, 98.52, 97.84, 95.6, 89.81, 78.82]",97.66897058823531,
O00591,440,"[39.89, 37.84, 45.88, 48.7, 49.13, 49.88, 49.17, 48.61, 46.12, 48.03, 42.22, 41.45, 42.07, 39.34, 37.04, 37.92, 33.92, 31.74, 31.72, 25.15, 34.53, 29.71, 30.37, 30.86, 31.09, 28.44, 27.88, 29.19, 28.79, 31.85, 32.86, 39.11, 44.45, 47.14, 50.69, 57.19, 62.87, 65.17, 62.7, 66.28, 70.46, 66.03, 72.08, 70.16, 71.36, 73.0, 77.03, 85.9, 87.39, 89.12, 90.97, 92.29, 93.85, 93.47, 90.55, 90.16, 89.36, 93.32, 95.35, 96.04, 96.92, 97.07, 97.89, 97.98, 98.18, 97.85, 97.45, 96.68, 96.66, 95.33, 94.78, 95.07, 90.39, 90.79, 92.61, 91.19, 88.45, 86.2, 90.25, 92.25, 95.56, 95.89, 96.68, 96.33, 96.5, 96.8, 96.92, 97.43, 97.75, 97.96, 97.57, 97.41, 95.86, 94.73, 91.43, 90.56, 90.27, 89.94, 88.28, 85.12, 84.93, 84.52, 88.61, 91.77, 90.33, 91.42, 88.52, 87.32, 87.57, 85.82, 87.44, 88.8, 87.14, 88.41, 91.69, 94.32, 94.77, 96.08, 94.47, 96.78, 95.92, 97.61, 95.73, 94.72, 97.08, 95.84, 94.9, 95.5, 93.79, 92.3, 89.07, 86.15, 80.44, 80.58, 83.49, 80.99, 87.84, 91.31, 92.11, 93.57, 94.79, 93.22, 94.75, 92.23, 92.78, 92.14, 95.67, 95.82, 96.75, 96.67, 96.41, 95.3, 95.79, 95.93, 97.01, 97.13, 97.81, 97.79, 96.92, 95.31, 92.28, 90.99, 90.03, 89.52, 89.28, 91.03, 90.97, 90.68, 91.63, 91.5, 93.5, 93.75, 95.9, 96.8, 96.99, 97.38, 97.42, 97.79, 96.74, 96.56, 95.05, 92.8, 94.49, 94.37, 93.91, 93.65, 94.97, 96.23, 96.45, 97.69, 97.52, 97.9, 96.54, 94.81, 92.69, 90.82, 94.11, 95.48, 96.14, 94.96, 92.26, 91.12, 88.16, 88.28, 90.86, 87.79, 88.46, 85.33, 87.21, 92.2, 92.59, 93.53, 91.15, 93.16, 95.41, 96.37, 97.46, 96.91, 97.1, 96.35, 95.4, 93.08, 93.97, 91.9, 92.15, 92.16, 93.54, 95.84, 96.61, 96.81, 97.17, 97.89, 97.83, 97.54, 96.98, 96.06, 95.57, 94.72, 93.59, 92.34, 91.93, 91.36, 91.46, 90.42, 91.42, 92.47, 92.91, 91.17, 92.76, 94.62, 95.53, 96.17, 96.03, 95.71, 95.74, 96.19, 96.44, 94.24, 93.7, 93.71, 91.31, 90.14, 87.94, 88.45, 86.96, 87.59, 85.3, 83.19, 83.82, 88.78, 88.68, 91.88, 91.49, 90.38, 92.38, 94.15, 93.52, 93.31, 95.51, 95.95, 95.62, 96.8, 96.84, 96.17, 95.77, 94.83, 94.7, 93.22, 90.89, 90.02, 89.04, 85.99, 81.43, 79.85, 74.02, 72.32, 64.14, 61.6, 60.57, 59.48, 66.95, 76.41, 85.35, 90.2, 92.13, 92.3, 91.71, 92.92, 95.2, 94.72, 94.42, 95.63, 96.67, 96.34, 95.39, 95.76, 95.81, 95.35, 93.7, 92.43, 92.75, 92.12, 90.41, 89.51, 90.25, 89.12, 88.01, 87.7, 88.22, 86.73, 86.0, 86.11, 85.34, 82.58, 82.67, 83.3, 82.41, 80.67, 79.43, 78.73, 69.59, 62.6, 58.83, 54.72, 52.98, 54.05, 52.25, 41.33, 45.01, 47.23, 51.64, 55.43, 55.56, 55.61, 56.01, 54.47, 60.44, 55.73, 55.84, 56.81, 53.82, 50.79, 50.44, 48.78, 45.38, 43.09, 40.35, 38.18, 38.61, 34.24, 35.82, 35.27, 31.09, 32.32, 30.79, 31.08, 34.62, 35.32, 31.84, 37.04, 32.69, 33.33, 33.89, 32.96, 43.65, 34.78, 43.82, 46.39, 47.05, 46.52, 42.13, 49.25, 47.82, 49.78, 41.73, 49.04, 48.43, 41.84, 42.81, 44.6, 47.52, 48.5, 48.58, 47.38, 46.58, 49.34, 46.65, 51.39, 52.61, 55.64, 60.73, 63.75, 72.18, 77.49, 78.97, 80.74, 83.36, 85.41, 86.85, 87.13, 89.16, 90.79, 92.25, 92.01, 93.96, 95.53, 93.9, 94.59, 94.69, 94.26, 93.87, 94.57, 94.72, 93.31, 92.35, 92.25, 90.27, 85.19, 81.69, 69.61]",79.26963636363637,
O14672,748,"[50.94, 61.44, 57.48, 63.01, 59.64, 66.16, 56.7, 56.01, 47.49, 42.75, 39.27, 38.54, 31.55, 37.3, 36.44, 32.12, 33.16, 33.39, 33.01, 33.74, 36.27, 46.31, 56.03, 65.28, 75.27, 78.27, 72.98, 82.08, 84.71, 76.38, 78.97, 84.52, 82.45, 83.63, 87.94, 84.55, 91.13, 90.58, 93.4, 92.75, 93.41, 93.92, 93.01, 91.31, 91.44, 91.6, 90.49, 86.36, 85.5, 82.89, 80.77, 72.78, 60.9, 57.07, 55.59, 59.48, 67.15, 75.02, 84.31, 90.14, 90.97, 94.66, 91.02, 90.85, 82.15, 84.68, 78.74, 73.19, 78.8, 82.63, 90.15, 88.57, 93.47, 89.68, 92.92, 85.99, 88.26, 86.76, 79.51, 81.81, 88.78, 88.1, 79.33, 72.86, 69.13, 81.41, 77.9, 86.55, 79.81, 84.25, 74.27, 70.3, 77.7, 75.67, 79.66, 76.93, 82.92, 85.74, 89.4, 89.31, 93.69, 95.22, 94.98, 93.59, 92.12, 88.5, 88.38, 81.09, 74.99, 76.89, 75.09, 79.54, 89.07, 92.31, 95.42, 97.35, 96.99, 96.83, 96.25, 93.67, 90.51, 93.22, 95.21, 97.12, 96.56, 97.09, 96.91, 96.15, 91.71, 88.55, 80.81, 77.68, 85.85, 92.06, 94.74, 95.91, 96.52, 94.31, 92.95, 88.74, 85.08, 86.44, 83.24, 76.32, 69.51, 64.21, 65.55, 67.27, 75.99, 77.71, 85.49, 87.42, 92.45, 90.84, 92.28, 90.51, 90.27, 88.56, 84.73, 84.34, 85.16, 76.62, 71.68, 61.1, 54.15, 44.43, 36.55, 36.88, 33.75, 38.26, 45.8, 54.83, 63.2, 62.57, 72.58, 74.94, 82.17, 83.7, 83.83, 86.16, 88.74, 91.05, 89.2, 90.58, 90.69, 91.5, 89.29, 90.2, 84.13, 80.65, 71.25, 58.89, 44.42, 44.78, 31.34, 34.83, 36.6, 28.31, 31.99, 31.49, 29.84, 35.47, 35.54, 34.14, 34.52, 36.02, 38.21, 38.87, 44.06, 33.04, 34.36, 32.48, 32.67, 33.67, 44.27, 50.27, 61.56, 71.12, 85.03, 89.67, 90.67, 93.7, 87.98, 93.65, 89.07, 95.52, 92.8, 96.85, 96.07, 96.29, 97.04, 97.41, 96.53, 96.02, 94.68, 94.99, 92.95, 93.3, 92.48, 93.51, 95.02, 96.42, 95.36, 96.17, 96.7, 96.97, 96.62, 96.92, 97.77, 96.92, 95.39, 94.71, 95.97, 93.46, 91.74, 92.96, 94.26, 90.1, 87.05, 88.55, 87.54, 92.89, 89.8, 83.6, 85.96, 82.19, 84.6, 90.1, 91.22, 94.07, 89.66, 90.87, 80.74, 82.88, 90.32, 87.71, 93.43, 92.6, 93.92, 93.9, 92.47, 92.25, 93.15, 92.08, 91.69, 91.87, 88.52, 92.41, 92.3, 94.95, 94.08, 93.72, 88.81, 89.8, 93.81, 92.56, 92.3, 93.05, 95.13, 97.11, 96.76, 95.64, 95.95, 95.75, 95.15, 91.78, 84.69, 81.75, 87.37, 80.67, 77.7, 84.83, 92.38, 96.79, 93.33, 98.32, 97.73, 98.29, 97.83, 96.21, 94.52, 89.79, 87.23, 83.1, 73.64, 76.55, 84.06, 89.3, 93.0, 94.17, 96.28, 96.61, 94.95, 93.81, 92.71, 87.36, 82.62, 74.36, 84.11, 90.02, 92.62, 95.07, 96.16, 91.59, 92.32, 86.33, 86.24, 90.02, 92.69, 93.37, 89.52, 91.34, 90.31, 91.55, 89.12, 93.54, 91.35, 96.14, 94.77, 96.63, 97.93, 97.55, 96.35, 94.89, 93.89, 88.49, 83.8, 81.67, 81.89, 82.28, 87.32, 88.07, 90.34, 93.21, 91.96, 90.34, 93.49, 95.03, 93.13, 92.9, 96.66, 96.48, 94.58, 97.01, 97.99, 97.4, 96.42, 97.89, 97.43, 95.43, 95.4, 92.1, 91.05, 88.27, 86.98, 84.22, 82.16, 88.71, 92.53, 87.5, 83.81, 80.54, 77.94, 76.25, 78.75, 78.59, 77.55, 76.84, 78.22, 74.09, 78.4, 83.74, 85.02, 87.58, 92.19, 92.36, 92.46, 87.99, 79.17, 72.23, 66.61, 68.35, 68.9, 76.37, 76.09, 82.37, 84.52, 90.01, 88.9, 88.64, 92.93, 95.48, 95.48, 95.21, 95.71, 97.01, 97.35, 96.08, 96.14, 97.43, 96.12, 96.0, 96.11, 94.98, 93.37, 91.95, 93.18, 89.91, 89.19, 88.18, 85.63, 90.94, 84.54, 79.49, 67.71, 61.33, 49.38, 52.23, 53.62, 57.78, 53.8, 55.43, 61.71, 60.27, 71.52, 62.34, 64.31, 70.86, 79.0, 87.23, 85.87, 78.34, 76.52, 58.51, 60.86, 61.87, 52.34, 50.98, 67.74, 77.57, 81.49, 89.0, 94.09, 91.24, 88.88, 77.24, 65.46, 64.51, 76.61, 72.77, 67.04, 79.48, 84.28, 76.45, 77.81, 91.1, 93.37, 93.11, 92.26, 90.66, 93.44, 92.79, 93.13, 92.57, 88.85, 78.48, 85.16, 83.94, 88.18, 93.33, 93.23, 91.89, 89.22, 91.87, 93.87, 94.17, 94.87, 93.4, 91.08, 87.81, 84.29, 90.89, 89.66, 87.89, 82.92, 83.02, 83.41, 79.27, 82.5, 85.96, 84.47, 87.95, 86.8, 88.03, 90.93, 91.85, 90.12, 91.32, 90.37, 89.8, 88.98, 85.46, 84.26, 84.38, 78.35, 83.25, 85.07, 86.15, 89.72, 92.44, 90.89, 92.33, 92.18, 89.58, 84.77, 76.87, 76.89, 83.39, 79.67, 82.06, 89.92, 88.31, 84.38, 82.0, 79.41, 76.36, 76.82, 75.12, 79.47, 85.15, 90.35, 92.27, 91.75, 92.5, 93.58, 91.73, 93.89, 86.32, 83.83, 85.57, 81.28, 81.62, 74.57, 66.72, 57.55, 55.05, 57.39, 56.4, 68.98, 73.46, 82.38, 87.13, 85.86, 86.09, 90.39, 87.86, 90.26, 93.15, 93.27, 93.41, 87.35, 82.83, 89.52, 85.16, 87.25, 92.04, 90.55, 91.75, 91.93, 91.77, 89.8, 91.04, 90.98, 90.15, 93.83, 90.98, 92.48, 92.03, 91.86, 90.53, 87.49, 89.85, 89.87, 89.1, 85.71, 75.37, 65.85, 68.75, 57.72, 64.16, 63.43, 70.41, 72.82, 68.81, 60.98, 61.51, 62.02, 65.75, 71.21, 77.45, 78.91, 81.76, 83.16, 83.42, 77.77, 73.82, 68.86, 59.68, 52.77, 54.29, 56.11, 55.65, 59.74, 59.93, 60.24, 61.01, 69.3, 71.89, 69.71, 72.35, 74.85, 75.41, 72.48, 73.41, 74.43, 75.73, 73.71, 78.12, 81.1, 81.82, 82.4, 85.49, 88.34, 87.25, 85.38, 86.68, 91.1, 90.49, 91.25, 89.93, 88.55, 89.26, 92.68, 91.02, 90.87, 91.98, 92.38, 92.9, 91.44, 90.75, 92.72, 89.79, 87.68, 88.02, 87.05, 83.42, 81.44, 81.88, 76.95, 72.74, 73.05, 66.69, 66.18, 63.33, 66.81, 67.0, 71.25, 70.33, 75.08, 67.15, 69.25, 66.85, 63.47, 68.28, 65.32, 63.31, 55.29, 58.54, 49.17, 45.53, 42.12, 43.86, 40.05, 42.16, 43.17, 44.86, 45.76, 44.86, 44.55, 38.28, 39.96, 38.15, 38.91, 37.24, 32.6, 36.21, 36.3, 32.97, 35.0, 35.41, 31.67, 34.46, 29.18, 31.48, 35.15, 24.48, 31.4, 36.11]",79.50542780748663,
O14921,159,"[51.54, 58.59, 60.84, 61.5, 69.31, 83.13, 87.43, 86.84, 85.24, 86.34, 86.23, 82.49, 84.01, 83.17, 77.62, 81.14, 84.97, 83.83, 88.4, 89.92, 86.45, 90.95, 93.2, 93.85, 94.58, 94.43, 95.12, 96.15, 96.3, 96.5, 97.72, 97.03, 96.97, 97.75, 98.31, 97.95, 97.88, 98.2, 97.73, 95.97, 94.72, 91.2, 94.39, 96.45, 96.51, 94.35, 95.47, 97.55, 96.8, 95.42, 95.92, 96.74, 94.54, 91.67, 93.19, 92.85, 95.18, 96.95, 98.0, 97.99, 98.16, 98.08, 98.55, 98.42, 97.85, 98.12, 98.22, 97.45, 97.32, 98.43, 97.79, 97.35, 98.02, 96.64, 97.06, 95.92, 96.34, 97.53, 97.89, 97.88, 97.83, 98.18, 98.46, 98.0, 98.24, 98.53, 98.28, 98.24, 98.37, 98.49, 98.11, 97.05, 95.92, 94.96, 96.28, 95.92, 97.19, 97.39, 97.86, 95.96, 97.06, 96.25, 96.59, 97.21, 97.72, 98.1, 97.31, 97.6, 98.01, 97.21, 97.1, 96.45, 95.91, 95.19, 95.74, 97.38, 97.45, 97.12, 97.21, 97.79, 98.4, 97.78, 97.89, 98.42, 98.39, 98.21, 98.15, 97.95, 98.35, 97.96, 97.11, 98.2, 98.39, 97.55, 96.71, 97.73, 98.47, 98.03, 97.83, 98.0, 97.71, 96.7, 95.95, 93.73, 93.77, 95.44, 94.98, 92.85, 94.11, 94.46, 92.92, 92.04, 92.25, 91.72, 88.13, 80.42, 75.9, 66.55, 44.1]",93.5056603773585,
O15131,536,"[34.16, 36.46, 36.52, 37.21, 33.11, 36.72, 33.89, 36.14, 37.78, 35.16, 34.29, 39.54, 40.96, 36.97, 40.08, 43.43, 40.77, 45.54, 42.87, 58.53, 48.35, 50.4, 46.67, 47.14, 56.02, 58.48, 52.81, 56.81, 55.47, 53.35, 50.23, 48.73, 56.36, 57.61, 53.99, 54.13, 60.43, 60.36, 58.49, 55.79, 60.99, 60.02, 58.93, 67.38, 76.69, 81.24, 85.88, 82.34, 80.97, 74.96, 50.17, 33.34, 30.56, 25.18, 29.97, 26.16, 25.84, 26.41, 27.51, 29.42, 25.58, 27.27, 28.64, 26.64, 28.03, 27.03, 34.49, 28.49, 34.6, 32.94, 30.65, 33.24, 37.3, 35.81, 39.8, 45.16, 53.65, 58.83, 70.37, 86.09, 90.44, 91.84, 92.01, 94.32, 96.35, 96.29, 96.73, 97.55, 96.8, 97.33, 96.63, 95.41, 96.48, 95.71, 96.83, 97.79, 98.25, 97.84, 97.89, 97.86, 98.08, 97.76, 96.75, 97.51, 96.26, 95.05, 95.04, 94.9, 92.76, 88.49, 84.14, 79.48, 83.01, 91.05, 94.3, 95.49, 95.37, 94.42, 96.19, 96.38, 95.03, 95.44, 93.29, 95.82, 97.51, 98.0, 98.2, 98.02, 98.51, 98.44, 98.07, 98.43, 98.22, 97.1, 95.18, 91.68, 93.25, 94.96, 95.91, 97.32, 97.92, 97.46, 98.02, 98.14, 98.42, 98.48, 98.09, 98.06, 98.44, 98.02, 96.81, 97.03, 95.91, 93.77, 91.94, 93.25, 93.85, 96.09, 96.22, 97.02, 97.28, 97.89, 98.11, 98.03, 97.54, 97.39, 97.96, 98.46, 98.72, 98.61, 98.59, 98.72, 98.71, 98.29, 98.11, 97.97, 96.37, 95.33, 94.29, 95.18, 94.72, 95.83, 96.89, 96.8, 96.54, 97.65, 98.3, 98.18, 97.5, 98.3, 98.72, 98.06, 97.91, 98.25, 97.67, 95.72, 94.51, 93.42, 95.91, 96.24, 97.47, 98.13, 98.43, 98.45, 98.73, 98.69, 98.39, 98.44, 98.25, 98.65, 98.55, 98.27, 98.3, 98.55, 98.06, 97.18, 97.19, 96.59, 93.12, 91.38, 88.61, 88.53, 94.85, 95.64, 95.76, 96.11, 97.06, 97.39, 97.02, 98.25, 98.23, 98.03, 98.41, 98.61, 98.32, 98.25, 98.63, 98.28, 94.97, 90.28, 85.43, 88.57, 94.14, 94.47, 97.56, 97.68, 97.89, 97.71, 98.04, 98.47, 97.93, 98.31, 98.44, 98.59, 96.45, 97.57, 98.33, 98.19, 97.45, 97.72, 98.01, 97.79, 96.79, 96.15, 97.54, 97.76, 96.68, 98.09, 98.61, 98.58, 98.44, 98.74, 98.85, 98.45, 98.67, 98.82, 98.32, 97.84, 98.13, 96.94, 93.59, 89.91, 91.43, 91.82, 96.84, 96.23, 95.38, 98.64, 98.72, 98.76, 98.78, 98.63, 98.26, 98.38, 98.78, 98.84, 98.74, 98.77, 98.87, 98.89, 98.74, 98.78, 98.81, 98.51, 98.38, 97.08, 97.43, 97.19, 96.6, 98.65, 98.71, 98.25, 98.6, 98.87, 98.84, 98.46, 98.61, 98.88, 96.41, 96.63, 98.08, 97.15, 94.64, 88.49, 91.9, 93.07, 98.54, 96.58, 96.58, 98.74, 98.85, 98.85, 98.8, 98.68, 98.69, 98.44, 98.81, 98.86, 98.66, 98.72, 98.89, 98.77, 98.53, 98.69, 98.62, 96.93, 97.5, 96.26, 96.13, 95.91, 95.55, 98.22, 98.33, 97.88, 96.5, 98.81, 98.67, 97.74, 97.85, 98.7, 97.48, 93.8, 97.36, 96.71, 91.68, 89.75, 94.99, 98.41, 98.7, 98.29, 98.56, 98.85, 98.85, 98.87, 98.8, 98.68, 98.61, 98.52, 98.87, 98.83, 98.73, 98.58, 98.66, 98.58, 98.19, 98.31, 97.65, 96.3, 95.86, 95.93, 95.04, 95.17, 94.55, 96.98, 97.67, 96.17, 95.79, 98.45, 98.18, 95.54, 96.83, 98.62, 97.98, 93.24, 97.88, 98.33, 95.88, 90.13, 95.96, 98.28, 97.82, 98.1, 98.66, 98.62, 98.22, 98.7, 98.71, 98.52, 98.35, 98.41, 98.21, 98.49, 98.66, 98.2, 98.07, 98.46, 98.5, 97.17, 96.72, 97.64, 95.33, 95.29, 93.83, 93.99, 95.9, 93.94, 96.47, 97.99, 97.07, 95.77, 98.45, 98.58, 98.01, 97.98, 98.74, 98.57, 98.23, 98.68, 98.29, 97.72, 96.92, 96.62, 95.19, 94.25, 93.31, 92.07, 91.11, 89.67, 88.33, 82.98, 81.01, 84.02, 88.52, 94.2, 93.25, 97.59, 96.48, 94.14, 97.67, 98.29, 96.31, 96.74, 97.47, 97.67, 97.34, 96.67, 96.9, 98.08, 97.36, 95.56, 95.81, 97.0, 95.07, 93.92, 95.36, 94.37, 94.72, 95.16, 95.2, 97.51, 96.14, 96.89, 97.47, 97.6, 95.99, 96.54, 96.89, 95.47, 94.85, 94.75, 94.93, 92.37, 79.41, 58.39, 51.65, 43.94, 41.25, 45.73, 51.06, 55.85, 54.76, 56.24, 59.51, 64.22, 67.0, 70.86, 65.73, 72.3, 74.04, 63.74, 60.42, 68.48, 65.79, 62.86, 60.91, 55.07, 52.07, 51.89, 55.4, 54.31, 57.56, 54.3, 50.07, 54.38, 54.48, 41.16]",86.59565298507464,
O15392,142,"[40.47, 58.59, 58.06, 65.56, 78.69, 86.64, 91.35, 91.17, 90.54, 94.61, 95.33, 95.74, 95.12, 94.45, 95.29, 95.3, 95.93, 97.66, 98.3, 97.51, 98.25, 98.13, 94.5, 94.19, 96.78, 94.42, 96.42, 94.58, 93.53, 93.53, 96.73, 97.31, 97.17, 98.2, 98.48, 97.76, 98.1, 98.6, 97.77, 96.3, 97.2, 97.71, 98.72, 98.59, 98.55, 96.71, 97.08, 95.74, 94.86, 95.69, 95.9, 95.79, 96.78, 98.24, 98.45, 98.51, 98.7, 97.9, 98.19, 98.21, 97.98, 98.13, 98.09, 98.57, 97.19, 97.13, 98.17, 97.91, 97.11, 97.87, 98.46, 98.22, 98.39, 97.91, 98.27, 98.61, 98.32, 98.01, 98.16, 97.79, 96.89, 94.06, 93.89, 97.45, 94.62, 95.82, 94.6, 92.6, 91.7, 87.52, 90.13, 87.69, 88.46, 87.75, 92.34, 91.93, 94.8, 93.69, 95.89, 94.86, 94.69, 95.62, 95.57, 95.54, 96.29, 97.68, 97.18, 97.49, 97.92, 98.16, 97.83, 97.51, 98.45, 97.28, 96.87, 97.99, 98.33, 96.76, 97.42, 98.24, 98.25, 98.0, 98.11, 98.33, 98.4, 98.22, 98.3, 98.43, 98.07, 97.99, 98.03, 97.92, 97.36, 96.74, 96.97, 96.63, 96.17, 94.65, 92.6, 90.9, 86.22, 70.87]",94.72915492957746,
O43521,198,"[45.25, 54.25, 59.29, 54.32, 68.54, 63.64, 49.23, 58.36, 43.84, 55.1, 52.76, 48.09, 49.83, 53.12, 52.06, 39.44, 40.49, 36.51, 47.71, 44.74, 34.82, 41.58, 40.4, 32.68, 47.06, 40.73, 36.53, 43.58, 37.18, 42.14, 33.67, 35.54, 51.17, 45.32, 37.18, 46.5, 37.05, 37.46, 37.51, 46.38, 32.56, 37.53, 36.71, 52.75, 40.14, 42.69, 40.26, 48.79, 40.74, 44.54, 45.29, 44.65, 42.98, 43.23, 40.48, 46.95, 42.92, 35.67, 46.11, 44.9, 43.03, 43.1, 50.48, 51.09, 57.08, 67.97, 57.48, 48.06, 48.29, 59.25, 53.76, 52.63, 51.09, 50.6, 50.51, 55.04, 44.24, 54.04, 54.96, 58.29, 54.42, 52.28, 56.01, 56.34, 48.2, 41.73, 44.9, 49.2, 52.0, 37.71, 48.74, 35.07, 49.12, 46.47, 50.41, 52.43, 45.51, 47.39, 48.39, 46.89, 61.81, 52.54, 54.4, 48.32, 60.69, 61.6, 63.58, 65.95, 55.32, 57.98, 51.19, 61.25, 60.12, 55.66, 63.03, 67.03, 69.46, 78.54, 81.68, 83.39, 81.19, 87.75, 86.95, 85.38, 85.08, 88.55, 88.11, 87.86, 86.19, 85.36, 79.59, 78.49, 70.78, 66.71, 60.59, 57.92, 58.99, 53.8, 51.66, 56.83, 63.52, 64.99, 80.59, 80.92, 87.92, 85.73, 87.96, 88.09, 90.71, 92.06, 91.2, 95.93, 92.25, 94.47, 92.39, 94.25, 91.01, 90.78, 87.72, 85.96, 81.63, 74.73, 67.83, 66.14, 64.22, 61.42, 57.21, 52.52, 54.82, 52.09, 52.19, 45.65, 43.88, 45.08, 46.45, 46.74, 52.51, 55.96, 60.37, 64.23, 68.63, 72.37, 78.02, 81.23, 81.68, 87.76, 91.1, 90.35, 88.91, 91.76, 91.35, 90.02, 91.39, 92.08, 89.64, 88.92, 80.44, 77.43]",59.866969696969704,
O43826,429,"[38.42, 44.88, 52.84, 61.27, 72.43, 75.65, 77.7, 83.36, 83.24, 85.26, 86.32, 88.36, 87.66, 88.76, 89.26, 90.04, 89.71, 91.36, 91.68, 91.87, 90.36, 90.59, 90.47, 90.25, 87.81, 88.17, 86.69, 85.21, 82.41, 84.67, 84.27, 82.41, 83.29, 85.56, 83.99, 81.4, 82.86, 84.49, 83.17, 80.42, 79.92, 81.13, 77.89, 81.09, 82.9, 80.66, 80.63, 85.04, 84.76, 82.72, 85.54, 87.14, 84.75, 83.23, 86.55, 87.81, 83.88, 85.65, 88.89, 87.11, 83.11, 87.63, 86.99, 83.22, 81.93, 85.64, 82.65, 76.78, 84.39, 81.85, 79.18, 80.18, 82.01, 81.97, 84.02, 83.21, 87.66, 88.37, 87.86, 89.89, 91.2, 92.25, 91.87, 92.49, 94.16, 93.26, 93.84, 92.93, 93.83, 92.66, 90.89, 91.5, 91.19, 87.42, 86.8, 87.01, 83.84, 78.52, 81.55, 79.66, 83.77, 87.43, 87.51, 85.97, 90.25, 91.13, 89.36, 90.09, 92.48, 91.7, 90.62, 90.39, 90.88, 87.41, 85.54, 86.83, 84.63, 86.6, 83.95, 85.54, 86.56, 83.46, 83.74, 85.94, 85.14, 82.84, 84.63, 82.81, 82.87, 81.4, 76.95, 77.11, 81.33, 79.32, 75.76, 84.06, 84.7, 84.08, 84.56, 88.69, 89.0, 85.22, 87.22, 89.08, 88.79, 85.89, 88.18, 89.25, 86.23, 87.83, 89.45, 87.57, 87.5, 89.54, 89.05, 87.93, 87.69, 88.31, 86.92, 84.96, 84.37, 86.08, 81.36, 86.18, 84.75, 87.84, 87.17, 88.53, 89.16, 90.12, 90.84, 90.59, 91.73, 92.67, 92.94, 92.68, 93.41, 94.21, 92.03, 92.24, 92.57, 90.33, 87.54, 87.48, 87.5, 85.07, 83.08, 81.06, 76.26, 74.26, 66.15, 65.78, 70.88, 71.61, 70.5, 71.02, 69.52, 65.28, 65.42, 54.88, 46.75, 41.09, 36.75, 38.42, 38.99, 32.42, 35.41, 32.08, 39.87, 40.99, 46.47, 47.06, 52.48, 61.21, 69.11, 82.13, 79.79, 81.69, 80.95, 82.72, 85.59, 85.64, 85.37, 85.45, 86.15, 87.71, 89.11, 89.07, 89.42, 90.9, 91.52, 91.83, 92.5, 93.52, 92.54, 92.44, 91.65, 90.9, 91.15, 91.33, 89.2, 89.71, 88.44, 87.1, 86.09, 88.02, 86.26, 86.76, 83.84, 86.55, 85.92, 85.07, 82.35, 81.59, 82.37, 79.94, 84.05, 87.27, 84.73, 87.18, 88.02, 87.59, 87.62, 90.5, 90.81, 89.83, 90.81, 92.56, 92.3, 91.29, 92.1, 92.16, 91.69, 90.8, 92.26, 90.18, 89.97, 89.99, 90.04, 89.05, 86.03, 88.1, 88.56, 85.54, 84.85, 85.75, 82.15, 80.2, 79.18, 79.66, 74.63, 67.43, 64.13, 56.84, 55.65, 57.46, 59.8, 71.13, 70.59, 79.92, 81.26, 83.9, 86.07, 87.34, 88.01, 90.07, 89.55, 89.58, 90.28, 90.1, 89.86, 89.81, 90.53, 87.61, 86.74, 88.45, 86.77, 85.63, 81.05, 82.73, 80.14, 78.44, 75.83, 70.44, 76.08, 79.95, 85.88, 86.81, 87.85, 88.63, 87.84, 90.16, 92.0, 90.74, 90.64, 92.35, 93.31, 92.47, 91.47, 91.84, 91.38, 90.21, 89.19, 87.78, 89.14, 89.51, 87.56, 87.41, 89.28, 84.59, 85.64, 85.85, 85.15, 82.71, 82.25, 82.53, 82.03, 78.84, 77.35, 79.61, 82.75, 81.45, 75.35, 84.24, 84.67, 84.69, 83.89, 88.32, 89.22, 87.48, 87.39, 89.84, 88.95, 86.79, 87.99, 87.74, 85.73, 83.4, 86.01, 85.38, 83.74, 82.35, 86.38, 86.54, 84.78, 85.79, 86.24, 83.61, 81.68, 85.38, 81.85, 84.46, 82.09, 84.03, 86.75, 87.33, 87.17, 88.88, 89.8, 89.34, 88.62, 91.39, 91.26, 90.66, 90.67, 91.66, 88.99, 87.82, 89.29, 87.53, 84.03, 85.16, 83.79, 79.87, 71.88, 70.74, 73.89, 70.05, 73.09, 72.48, 74.97, 64.43, 56.67, 53.56, 47.3, 46.21, 43.8, 43.61, 35.85]",82.76160839160838,
O60667,390,"[57.44, 65.95, 64.64, 68.1, 66.77, 65.8, 65.63, 64.53, 62.06, 61.27, 60.61, 56.97, 57.17, 57.27, 52.63, 58.72, 59.56, 67.68, 83.24, 90.7, 94.97, 96.27, 97.5, 98.06, 97.95, 97.56, 96.74, 96.62, 96.6, 96.46, 96.79, 97.81, 98.18, 98.33, 98.43, 98.1, 98.22, 96.69, 96.6, 93.09, 88.9, 89.1, 88.63, 94.46, 97.01, 98.1, 98.25, 98.55, 98.07, 97.46, 95.28, 90.31, 83.59, 79.68, 83.16, 81.09, 92.01, 95.37, 95.81, 97.43, 98.11, 98.5, 98.05, 97.21, 95.22, 93.36, 97.33, 98.12, 97.28, 97.22, 95.95, 97.81, 97.24, 97.28, 97.88, 98.38, 98.09, 98.18, 97.19, 96.84, 95.68, 94.5, 94.88, 95.74, 96.08, 97.45, 98.05, 98.06, 98.55, 98.51, 98.52, 98.41, 97.66, 98.12, 96.61, 95.47, 95.19, 97.05, 97.21, 96.41, 96.83, 97.76, 97.44, 98.0, 97.06, 96.74, 95.59, 93.82, 93.62, 94.72, 92.44, 91.83, 93.98, 95.24, 95.65, 96.84, 97.12, 98.12, 98.07, 98.27, 97.82, 97.51, 94.12, 88.52, 71.3, 66.78, 58.75, 49.97, 51.46, 50.04, 51.02, 54.13, 53.93, 56.51, 51.86, 60.95, 58.1, 56.76, 56.01, 55.37, 54.85, 46.53, 48.83, 44.95, 42.94, 44.14, 44.6, 47.55, 46.09, 50.27, 47.08, 43.7, 45.8, 43.73, 51.64, 42.56, 47.7, 41.98, 44.46, 45.89, 36.83, 51.11, 49.5, 46.17, 48.35, 45.48, 44.69, 43.18, 39.71, 42.74, 40.61, 42.26, 52.69, 50.28, 45.6, 46.51, 51.36, 44.51, 42.17, 49.56, 36.1, 40.07, 40.38, 44.18, 35.95, 48.94, 38.87, 54.06, 37.95, 50.23, 41.17, 48.14, 41.62, 44.29, 48.5, 48.42, 46.97, 45.52, 46.84, 53.51, 43.65, 46.63, 35.34, 42.52, 43.95, 46.95, 43.93, 40.9, 44.16, 40.81, 40.59, 41.68, 39.47, 40.11, 39.76, 37.9, 37.33, 39.47, 31.65, 38.65, 38.55, 45.17, 39.51, 39.84, 50.79, 48.37, 48.48, 50.15, 45.12, 51.6, 44.19, 43.86, 43.4, 43.14, 35.53, 40.34, 39.51, 38.88, 41.07, 37.5, 36.09, 36.12, 34.8, 38.85, 37.97, 38.2, 44.89, 47.87, 47.79, 51.68, 52.98, 61.0, 61.04, 72.04, 81.29, 81.34, 88.54, 85.56, 89.93, 92.18, 90.6, 94.82, 94.38, 94.88, 95.35, 95.25, 95.5, 95.47, 93.93, 95.42, 93.58, 93.87, 94.36, 94.57, 91.44, 91.34, 92.02, 91.93, 91.09, 90.63, 88.57, 87.48, 86.87, 88.76, 87.53, 88.19, 88.2, 88.8, 90.01, 89.26, 87.48, 88.22, 85.37, 83.56, 81.71, 81.25, 78.38, 72.22, 69.65, 65.28, 55.96, 55.23, 52.7, 51.64, 48.58, 50.99, 50.96, 52.17, 42.47, 53.81, 50.07, 52.53, 53.62, 54.49, 46.67, 55.33, 49.82, 46.27, 55.61, 50.11, 45.89, 47.95, 46.95, 42.26, 44.82, 47.39, 46.91, 45.26, 42.9, 43.28, 42.53, 41.38, 47.92, 49.09, 52.62, 48.88, 43.26, 48.19, 46.58, 50.94, 48.92, 48.8, 54.05, 49.32, 48.76, 45.39, 35.38, 43.82, 40.73, 41.0, 41.99, 38.45, 47.3, 41.4, 41.77, 41.5, 38.61, 41.24, 35.74, 41.38, 41.19, 40.39, 38.81, 39.44, 38.88, 47.19, 43.0, 42.38, 41.82, 42.62, 42.11, 48.05, 46.23, 38.65, 50.86, 46.45, 42.75, 48.45, 44.54, 47.11, 50.72, 57.14, 55.41, 57.48, 48.6, 61.73, 56.88, 58.23, 66.91, 56.61]",65.51733333333334,
O75027,752,"[35.14, 30.99, 29.07, 32.79, 35.68, 37.92, 36.44, 35.01, 31.8, 38.27, 37.19, 35.51, 38.27, 38.41, 38.48, 37.86, 41.23, 35.99, 37.7, 37.84, 37.02, 31.86, 34.16, 29.62, 30.19, 25.95, 25.16, 28.03, 21.38, 26.86, 21.91, 24.48, 20.57, 24.54, 21.91, 26.03, 25.45, 23.51, 27.42, 22.91, 21.73, 22.83, 25.68, 24.85, 24.43, 26.5, 25.14, 24.27, 26.55, 26.04, 24.26, 26.45, 26.85, 27.68, 24.85, 28.2, 29.27, 29.11, 32.07, 32.11, 27.71, 29.31, 29.09, 28.88, 28.74, 28.35, 28.47, 27.81, 31.03, 31.33, 30.65, 32.63, 35.66, 39.47, 42.4, 42.94, 34.49, 38.58, 42.93, 37.03, 38.83, 36.68, 35.57, 33.46, 36.37, 33.3, 27.42, 32.27, 34.42, 31.9, 32.16, 28.78, 24.22, 24.33, 23.83, 23.09, 28.34, 24.68, 27.81, 31.6, 26.87, 26.35, 26.84, 36.73, 36.34, 34.33, 37.7, 42.71, 43.78, 40.45, 43.04, 44.18, 47.84, 52.89, 59.4, 73.8, 78.25, 83.12, 82.21, 84.05, 85.94, 86.44, 81.43, 84.67, 85.68, 85.22, 82.59, 85.36, 88.59, 85.69, 83.72, 88.24, 88.32, 89.63, 92.6, 89.27, 91.29, 93.41, 93.36, 91.75, 92.44, 95.05, 93.74, 92.55, 94.48, 95.76, 94.72, 93.64, 94.55, 95.41, 94.12, 91.83, 92.16, 92.95, 93.63, 93.67, 94.92, 94.3, 94.02, 93.42, 93.17, 94.28, 92.35, 89.47, 89.06, 89.95, 85.09, 81.13, 78.94, 73.86, 65.4, 62.17, 58.6, 54.39, 50.79, 47.77, 46.77, 48.61, 53.42, 52.59, 54.46, 57.67, 62.58, 65.07, 65.07, 71.11, 75.96, 78.5, 81.38, 84.17, 87.35, 90.02, 90.44, 92.35, 91.51, 92.62, 94.32, 95.44, 94.07, 94.46, 96.32, 95.81, 93.84, 94.57, 97.23, 96.0, 93.39, 94.5, 96.29, 94.59, 91.33, 92.62, 93.0, 90.96, 89.88, 90.38, 89.07, 87.39, 89.87, 89.58, 87.1, 88.25, 91.16, 89.56, 88.2, 89.13, 91.33, 89.38, 88.84, 90.15, 91.01, 90.44, 89.39, 89.68, 88.66, 89.85, 86.83, 86.2, 82.76, 85.88, 87.13, 81.81, 78.82, 75.84, 75.63, 79.0, 75.7, 76.89, 80.58, 83.9, 83.39, 83.57, 87.13, 88.17, 88.61, 89.48, 89.48, 87.67, 90.66, 88.84, 88.25, 90.95, 91.71, 88.51, 89.09, 92.12, 90.4, 88.46, 88.48, 90.76, 92.02, 92.13, 93.34, 93.58, 93.13, 94.35, 93.84, 94.14, 94.4, 94.43, 94.78, 93.26, 95.0, 94.21, 94.17, 94.91, 92.86, 89.07, 88.24, 90.57, 93.52, 94.38, 94.17, 94.38, 95.67, 95.01, 93.55, 95.26, 96.32, 95.63, 94.72, 95.5, 96.66, 95.38, 93.17, 95.36, 96.15, 94.02, 91.43, 93.79, 93.64, 90.96, 89.11, 93.38, 93.33, 87.65, 91.84, 92.43, 87.12, 87.58, 91.15, 90.81, 87.36, 90.93, 90.88, 94.09, 89.55, 92.77, 91.57, 90.16, 87.58, 90.15, 93.08, 89.2, 90.35, 90.58, 94.31, 88.09, 93.7, 94.33, 96.74, 97.33, 97.16, 97.47, 97.61, 96.9, 96.98, 97.11, 97.37, 97.39, 97.13, 96.75, 96.81, 97.76, 96.16, 96.98, 98.01, 97.5, 96.73, 97.78, 98.13, 96.56, 96.02, 97.98, 98.09, 96.0, 96.62, 97.4, 96.31, 93.3, 95.26, 97.01, 95.39, 92.65, 94.8, 95.53, 93.31, 93.62, 96.3, 96.36, 94.45, 94.43, 97.06, 96.31, 93.45, 94.99, 96.84, 95.69, 94.41, 96.03, 96.43, 94.12, 94.56, 96.61, 94.88, 94.7, 94.87, 94.93, 93.72, 93.1, 93.62, 92.02, 89.01, 89.54, 92.62, 93.7, 91.02, 93.27, 94.89, 94.42, 93.62, 95.43, 94.62, 93.73, 94.02, 94.13, 91.42, 91.47, 91.49, 90.43, 87.48, 88.4, 86.63, 88.49, 88.25, 85.16, 88.04, 85.65, 86.71, 89.29, 86.51, 84.52, 88.68, 89.51, 86.22, 86.29, 90.54, 89.99, 85.07, 86.72, 88.23, 87.33, 83.73, 86.69, 85.5, 84.93, 84.26, 85.41, 85.22, 86.63, 84.18, 85.33, 83.79, 89.43, 87.64, 89.42, 88.65, 84.69, 82.25, 87.52, 92.6, 95.47, 95.76, 96.11, 95.32, 92.64, 88.93, 91.07, 93.62, 95.76, 97.62, 98.17, 98.08, 98.3, 97.86, 96.99, 97.63, 96.97, 95.91, 92.11, 88.27, 85.02, 81.58, 82.26, 86.83, 87.56, 92.92, 95.76, 92.8, 92.86, 95.08, 96.57, 96.9, 96.77, 97.13, 95.99, 94.59, 91.49, 93.38, 93.1, 95.46, 94.96, 95.59, 93.37, 90.03, 84.94, 82.85, 83.33, 88.15, 90.43, 92.17, 90.53, 93.7, 94.82, 94.32, 94.65, 96.21, 96.53, 95.1, 94.96, 93.78, 93.79, 92.89, 94.03, 92.21, 94.76, 96.46, 97.62, 98.26, 98.18, 98.14, 96.51, 95.72, 97.25, 96.24, 96.05, 93.51, 94.45, 95.65, 95.48, 93.99, 94.24, 95.87, 96.89, 95.57, 94.95, 96.02, 96.18, 94.43, 93.41, 92.0, 91.01, 86.27, 84.05, 87.4, 88.22, 92.99, 93.92, 93.31, 95.3, 96.86, 96.83, 98.04, 97.7, 97.16, 97.54, 98.06, 96.74, 93.84, 96.45, 95.44, 95.68, 96.92, 97.48, 96.98, 97.33, 96.3, 97.48, 97.04, 92.85, 91.64, 92.8, 90.9, 86.99, 87.87, 85.81, 89.37, 92.54, 90.93, 89.19, 94.58, 94.69, 93.4, 93.37, 89.3, 94.04, 95.49, 97.45, 96.81, 95.69, 94.8, 91.48, 88.88, 84.7, 83.62, 85.9, 85.26, 87.98, 88.11, 87.68, 84.11, 84.24, 89.44, 90.09, 88.81, 89.64, 92.97, 92.0, 89.98, 92.59, 94.21, 91.86, 90.98, 94.39, 94.54, 91.97, 94.59, 94.36, 96.18, 94.55, 94.62, 92.66, 92.4, 87.3, 81.53, 79.0, 70.59, 68.76, 72.19, 72.77, 71.08, 70.37, 72.08, 74.03, 75.67, 73.26, 76.03, 77.54, 75.88, 70.99, 75.4, 75.56, 69.68, 71.67, 73.77, 76.34, 76.55, 89.16, 95.7, 93.89, 95.22, 93.55, 92.82, 84.92, 80.08, 80.07, 84.14, 80.73, 81.18, 86.1, 87.87, 87.31, 91.55, 93.29, 95.95, 96.12, 96.12, 94.91, 93.71, 91.21, 87.83, 88.81, 92.81, 94.17, 93.15, 93.97, 94.4, 93.91, 94.4, 93.59, 92.33, 91.59, 91.93, 90.69, 89.95, 88.65, 81.35, 84.35, 89.95, 88.44, 92.17, 88.82, 87.69, 87.49, 87.43, 85.38, 82.65, 79.41, 73.24, 62.83, 57.2, 56.76, 50.81, 46.79, 44.0, 45.53, 39.51, 46.09, 45.06, 43.83, 43.05, 50.03, 49.62, 43.36, 52.64, 56.79, 54.94, 57.96, 60.42, 64.82, 63.94, 60.59, 63.34, 67.04, 60.68, 59.19, 61.5, 56.77, 55.54, 52.4, 49.91, 43.9, 40.35, 39.42, 39.27, 32.3, 30.54, 32.57, 32.45, 32.16, 30.24, 30.18]",78.64801861702128,
O75348,118,"[59.35, 69.55, 74.45, 80.98, 86.72, 88.89, 91.8, 91.24, 91.39, 93.53, 94.41, 94.48, 94.55, 95.27, 95.91, 96.54, 95.88, 96.25, 96.8, 96.95, 96.71, 97.37, 97.01, 97.12, 97.57, 97.65, 97.46, 97.52, 97.95, 97.96, 97.81, 97.25, 97.47, 97.91, 97.56, 97.59, 97.82, 97.52, 97.15, 97.31, 97.84, 97.72, 97.21, 97.46, 97.68, 97.94, 97.75, 97.86, 97.59, 97.84, 97.51, 97.5, 97.27, 97.01, 96.17, 95.66, 94.27, 93.47, 90.97, 89.95, 89.6, 86.95, 83.86, 81.73, 79.64, 75.59, 78.9, 82.28, 84.4, 85.8, 89.08, 91.05, 93.7, 94.42, 95.88, 96.83, 97.11, 97.4, 97.89, 97.83, 97.46, 97.81, 97.67, 97.35, 97.78, 97.19, 97.12, 96.86, 96.13, 95.74, 96.25, 96.18, 95.48, 96.27, 96.81, 96.1, 96.44, 96.24, 95.68, 96.17, 95.87, 92.56, 93.06, 93.27, 92.29, 88.13, 87.59, 86.99, 88.09, 87.47, 85.87, 88.05, 88.88, 87.83, 86.41, 83.32, 76.06, 60.1]",92.67652542372879,
O75531,89,"[48.71, 65.58, 83.21, 91.31, 94.51, 95.92, 97.54, 96.53, 95.82, 97.27, 96.88, 96.77, 96.19, 97.22, 97.89, 96.05, 97.49, 97.86, 98.08, 98.45, 97.75, 97.64, 98.26, 97.98, 97.7, 98.21, 96.36, 97.35, 98.13, 98.49, 98.53, 98.42, 98.6, 98.71, 98.25, 98.07, 97.74, 97.95, 98.48, 97.95, 98.61, 98.64, 98.42, 98.56, 98.71, 98.68, 98.44, 98.72, 98.76, 98.62, 98.69, 98.68, 98.28, 98.17, 98.59, 98.52, 98.45, 98.66, 98.81, 98.68, 98.73, 98.73, 98.7, 98.59, 98.33, 98.29, 98.06, 98.03, 98.42, 98.26, 98.05, 97.24, 98.18, 98.36, 98.02, 98.08, 98.55, 98.69, 98.09, 98.33, 98.63, 98.37, 98.14, 98.26, 97.95, 97.48, 96.7, 96.92, 93.94]",96.7826966292135,
O76064,485,"[38.73, 41.14, 35.35, 42.2, 34.86, 32.88, 33.74, 32.04, 33.08, 32.3, 35.46, 49.14, 53.61, 58.18, 80.4, 89.07, 92.01, 95.83, 96.03, 97.26, 96.9, 96.57, 94.8, 91.87, 91.55, 91.5, 92.34, 92.36, 96.4, 96.5, 96.0, 94.98, 91.45, 89.92, 89.12, 92.56, 95.46, 96.76, 97.26, 97.75, 96.87, 95.13, 91.54, 88.91, 90.81, 94.85, 95.76, 96.7, 96.38, 94.82, 91.98, 90.15, 88.08, 87.45, 87.62, 90.73, 91.93, 94.22, 96.96, 96.29, 95.17, 95.98, 97.44, 97.82, 97.83, 97.78, 96.7, 95.86, 92.69, 91.49, 91.36, 89.55, 93.9, 97.03, 97.32, 97.87, 97.54, 97.79, 97.03, 95.21, 96.15, 93.22, 95.23, 95.3, 98.12, 98.01, 97.44, 95.75, 92.71, 95.94, 96.54, 97.05, 95.97, 96.39, 95.45, 96.3, 96.5, 97.36, 96.34, 96.88, 96.34, 96.57, 96.1, 97.72, 97.49, 97.99, 97.93, 97.58, 95.22, 94.63, 93.3, 90.27, 82.9, 83.43, 86.55, 88.74, 89.81, 93.22, 93.63, 96.58, 96.9, 98.09, 97.71, 97.46, 96.55, 94.97, 92.53, 92.69, 88.43, 89.17, 90.5, 90.12, 88.96, 91.49, 92.36, 91.91, 91.14, 90.16, 87.46, 81.67, 66.57, 58.42, 51.08, 43.42, 40.68, 40.61, 38.91, 39.02, 34.66, 39.78, 33.17, 32.83, 38.37, 36.57, 36.83, 31.75, 33.01, 40.44, 37.65, 36.14, 41.11, 36.23, 34.77, 37.48, 34.84, 36.46, 33.51, 33.43, 35.71, 40.03, 34.39, 37.95, 33.06, 39.34, 34.81, 38.09, 34.4, 30.12, 34.51, 28.52, 31.95, 26.1, 32.67, 31.57, 26.87, 34.0, 32.13, 27.08, 34.69, 29.0, 30.93, 28.95, 30.7, 27.76, 33.84, 27.33, 33.29, 29.64, 28.55, 32.05, 27.5, 33.87, 36.02, 27.09, 35.26, 27.34, 33.11, 31.32, 26.36, 33.28, 26.45, 33.31, 31.07, 27.26, 31.28, 26.26, 30.61, 29.81, 35.04, 33.63, 28.57, 36.31, 28.14, 29.34, 34.41, 29.73, 28.65, 30.73, 27.08, 34.19, 30.36, 30.62, 27.44, 33.2, 37.77, 35.6, 42.3, 48.16, 47.31, 58.98, 62.35, 57.52, 63.86, 73.05, 66.89, 65.86, 71.62, 71.91, 71.27, 72.61, 78.44, 73.88, 73.8, 78.28, 78.48, 77.93, 78.14, 83.48, 78.54, 79.99, 85.01, 82.89, 80.64, 82.07, 86.84, 81.36, 78.88, 83.12, 82.65, 79.75, 78.48, 81.07, 76.4, 71.45, 71.17, 66.81, 58.11, 53.67, 47.5, 49.97, 54.35, 64.68, 73.54, 71.71, 72.75, 80.58, 82.4, 75.32, 79.8, 85.92, 84.03, 82.43, 85.14, 86.79, 83.78, 82.4, 86.79, 85.3, 81.67, 86.28, 86.72, 76.54, 78.44, 86.6, 81.13, 74.87, 78.23, 85.57, 74.82, 74.41, 81.61, 79.56, 70.38, 73.69, 81.78, 75.15, 72.85, 75.88, 76.03, 68.57, 67.54, 70.37, 66.18, 61.08, 58.51, 57.46, 55.89, 55.04, 56.62, 59.75, 61.0, 65.02, 72.52, 75.48, 79.21, 80.97, 81.92, 87.45, 84.84, 85.67, 86.89, 87.88, 85.61, 89.6, 88.66, 84.65, 82.01, 83.38, 85.82, 84.65, 79.15, 83.27, 82.79, 79.23, 81.42, 84.08, 78.33, 82.25, 86.46, 85.85, 77.93, 83.81, 90.78, 84.32, 83.93, 90.7, 90.86, 78.76, 86.68, 90.61, 82.68, 81.55, 86.16, 85.08, 76.29, 82.1, 82.84, 81.24, 76.99, 84.07, 86.43, 80.84, 81.57, 85.97, 84.33, 83.08, 83.47, 87.2, 84.95, 82.29, 85.17, 86.37, 85.01, 84.82, 88.75, 89.58, 87.68, 88.29, 88.96, 91.68, 94.59, 95.39, 96.84, 95.77, 96.52, 95.61, 94.9, 95.38, 95.18, 96.91, 96.73, 96.16, 97.58, 97.8, 98.11, 98.1, 97.32, 97.65, 96.97, 97.82, 97.71, 98.2, 97.99, 96.95, 96.93, 97.54, 97.35, 95.99, 95.76, 97.13, 96.3, 95.57, 95.49, 96.69, 96.58, 97.4, 98.05, 97.08, 96.93, 97.46, 96.57, 97.03, 97.58, 97.53, 96.21, 96.25, 96.67, 97.53, 97.5, 96.12, 95.99, 96.63, 95.72, 95.8, 95.57, 93.57, 94.35, 93.11, 92.51, 91.46, 91.5, 90.18, 86.39, 86.58, 89.46, 91.72, 92.74, 91.26, 93.33, 95.01, 94.67, 94.83, 95.35, 96.45, 95.77, 95.26, 95.18, 94.67, 94.14, 90.35, 87.06, 81.41, 72.56, 62.49, 45.16]",74.94340206185566,
O94941,541,"[65.11, 82.43, 88.82, 92.27, 93.28, 93.35, 92.03, 90.86, 89.5, 90.77, 92.69, 94.22, 95.46, 96.44, 95.74, 96.06, 95.21, 95.45, 95.17, 95.61, 94.15, 94.24, 93.47, 94.45, 96.15, 96.96, 96.47, 96.14, 95.91, 95.45, 93.57, 91.79, 91.58, 89.51, 90.1, 91.3, 91.55, 90.57, 91.3, 93.44, 95.67, 94.57, 94.67, 94.3, 91.13, 91.33, 93.54, 92.51, 93.72, 95.3, 96.36, 96.94, 97.34, 97.11, 96.97, 95.75, 94.75, 91.53, 91.55, 93.53, 94.09, 94.35, 94.96, 93.1, 93.99, 96.09, 94.72, 94.84, 93.0, 92.24, 85.83, 75.6, 63.99, 59.23, 63.6, 69.13, 82.99, 88.74, 91.69, 94.29, 96.63, 97.34, 97.21, 96.55, 96.61, 93.97, 89.93, 79.19, 59.95, 56.64, 50.69, 53.12, 51.7, 58.26, 49.72, 46.35, 42.9, 40.51, 30.3, 30.68, 26.92, 33.65, 28.53, 30.4, 31.45, 33.38, 40.42, 42.87, 54.46, 51.49, 54.14, 62.35, 75.33, 86.47, 92.6, 94.64, 95.89, 96.67, 96.0, 96.37, 95.38, 93.92, 90.43, 84.38, 81.82, 85.25, 86.49, 90.76, 93.12, 94.41, 95.71, 93.58, 92.95, 87.76, 86.14, 88.99, 87.42, 84.42, 83.03, 69.83, 64.15, 66.86, 53.16, 52.76, 52.42, 51.16, 45.68, 50.67, 43.22, 54.8, 59.2, 60.92, 74.25, 83.15, 88.98, 89.96, 92.54, 93.48, 94.64, 94.03, 88.22, 87.71, 84.11, 78.91, 86.17, 90.73, 93.36, 92.86, 93.34, 94.76, 94.13, 95.42, 96.93, 97.0, 97.7, 97.22, 96.65, 95.86, 93.64, 92.41, 87.99, 83.55, 80.95, 86.59, 91.29, 94.22, 94.44, 95.5, 93.7, 94.1, 95.78, 95.3, 96.28, 94.37, 93.16, 92.3, 92.69, 92.18, 88.44, 87.97, 88.95, 90.29, 86.92, 87.65, 87.67, 87.71, 86.31, 87.08, 87.27, 84.9, 84.95, 85.05, 82.34, 75.59, 71.82, 61.32, 52.48, 39.35, 35.37, 29.9, 32.65, 29.86, 33.88, 29.2, 30.44, 33.46, 29.82, 40.8, 34.84, 40.1, 38.21, 44.4, 37.51, 50.51, 41.25, 37.51, 35.07, 33.33, 37.24, 32.06, 29.58, 28.32, 29.29, 28.49, 28.35, 37.08, 37.02, 38.38, 41.72, 40.37, 42.42, 42.08, 43.11, 46.99, 50.76, 52.53, 54.2, 71.54, 75.72, 85.15, 87.18, 90.5, 91.68, 91.0, 92.3, 90.84, 90.55, 89.3, 88.02, 87.44, 88.69, 90.56, 87.92, 92.86, 95.91, 96.53, 96.62, 96.23, 93.23, 92.55, 92.9, 94.24, 96.12, 95.68, 95.92, 94.81, 93.32, 94.33, 95.51, 94.79, 94.35, 93.48, 94.05, 94.27, 90.97, 92.23, 92.41, 92.05, 89.5, 90.46, 91.71, 92.83, 93.55, 93.36, 94.57, 93.11, 92.47, 91.28, 90.49, 92.25, 93.39, 94.04, 91.17, 89.08, 88.51, 90.95, 93.23, 95.53, 95.85, 96.28, 95.34, 93.98, 92.78, 93.45, 94.73, 91.69, 91.22, 89.62, 87.9, 87.15, 87.33, 84.29, 80.63, 79.08, 70.15, 64.2, 64.87, 59.09, 60.96, 57.96, 55.72, 56.73, 52.78, 53.03, 45.81, 40.75, 39.95, 39.04, 40.02, 33.52, 33.39, 34.41, 31.5, 35.46, 35.37, 38.35, 38.34, 37.31, 37.26, 38.55, 37.6, 43.78, 38.64, 43.74, 41.85, 36.85, 38.43, 33.21, 37.74, 35.63, 37.96, 40.07, 39.87, 38.7, 39.05, 40.45, 37.68, 39.63, 41.73, 35.09, 38.15, 36.68, 30.39, 36.63, 34.16, 36.79, 35.91, 36.39, 34.4, 36.75, 35.11, 28.5, 39.13, 30.7, 31.98, 38.92, 33.89, 41.32, 33.09, 36.1, 41.84, 41.75, 45.75, 44.29, 40.14, 40.11, 40.08, 34.59, 40.89, 35.56, 35.52, 37.05, 36.09, 37.66, 36.94, 34.8, 39.51, 43.21, 59.07, 64.31, 68.28, 80.42, 84.15, 87.99, 89.89, 88.07, 86.02, 88.51, 89.02, 91.56, 92.24, 92.41, 90.06, 89.59, 90.26, 88.09, 86.12, 81.41, 80.24, 80.57, 78.94, 63.97, 61.76, 54.33, 55.93, 50.52, 40.7, 45.11, 38.6, 39.26, 35.16, 33.14, 35.39, 33.13, 31.2, 34.73, 34.62, 35.29, 34.56, 35.79, 34.51, 35.45, 30.8, 38.21, 34.31, 35.2, 34.44, 34.87, 35.88, 33.42, 30.74, 36.79, 28.58, 32.69, 31.42, 28.71, 33.46, 38.05, 52.93, 66.85, 77.83, 88.13, 90.51, 88.12, 87.51, 89.0, 87.6, 83.33, 84.05, 80.08, 70.54, 63.91, 57.16, 57.09, 58.82, 63.62, 68.02, 77.4, 85.69, 89.12, 90.34, 89.17, 86.61, 89.44, 85.97, 90.78, 91.12, 89.82, 89.64, 88.34, 88.0, 89.1, 87.26, 85.69, 84.72, 79.38, 78.57, 74.75, 67.07, 72.81, 72.17, 80.25, 88.05, 88.16, 85.43, 84.42, 88.38, 85.05, 84.51, 84.65, 82.95, 83.12, 81.01, 81.84, 83.34, 86.44, 86.72, 87.61, 80.93, 72.85, 59.25]",70.94619223659889,
O95498,520,"[39.2, 41.99, 40.48, 45.88, 47.79, 46.55, 45.58, 45.59, 47.85, 45.28, 47.5, 46.32, 48.3, 46.56, 46.09, 45.78, 45.47, 46.46, 43.97, 48.81, 52.35, 64.9, 79.5, 90.93, 96.32, 97.94, 98.65, 98.83, 98.93, 98.94, 98.89, 98.85, 98.67, 98.1, 97.74, 97.75, 96.89, 96.04, 92.71, 92.11, 92.82, 92.43, 95.2, 96.48, 97.46, 97.61, 96.61, 98.13, 97.97, 98.22, 98.51, 98.58, 98.5, 98.72, 98.74, 98.61, 98.74, 98.79, 98.79, 98.56, 98.62, 98.74, 98.61, 98.71, 98.84, 98.82, 98.77, 98.87, 98.75, 98.61, 98.55, 98.26, 98.8, 98.6, 98.91, 98.93, 98.96, 98.86, 98.84, 98.75, 98.35, 98.13, 98.53, 97.71, 96.86, 94.81, 90.03, 96.65, 95.97, 95.71, 96.58, 97.62, 97.93, 97.81, 97.73, 98.38, 98.41, 98.1, 97.57, 98.27, 97.78, 97.12, 97.52, 96.26, 97.19, 96.57, 98.5, 98.69, 98.54, 98.21, 98.06, 97.41, 96.48, 95.69, 96.71, 95.5, 93.31, 95.12, 97.33, 98.21, 98.63, 98.71, 98.73, 98.63, 98.85, 98.89, 98.88, 98.82, 98.91, 98.8, 98.71, 98.77, 98.54, 98.8, 98.92, 98.93, 98.88, 98.87, 98.82, 98.34, 98.36, 98.53, 97.74, 96.47, 95.43, 95.31, 91.68, 87.27, 88.21, 89.3, 89.38, 91.28, 94.57, 93.85, 91.36, 92.75, 96.06, 97.17, 97.93, 98.42, 98.63, 98.74, 98.91, 98.92, 98.9, 98.92, 98.91, 98.79, 98.48, 98.5, 98.67, 98.79, 98.85, 98.72, 98.67, 98.61, 98.8, 98.79, 98.68, 97.93, 96.36, 96.44, 93.32, 91.96, 96.17, 95.17, 96.49, 97.95, 97.59, 96.64, 95.76, 93.02, 94.72, 95.14, 97.0, 98.17, 98.42, 98.62, 98.42, 97.68, 97.56, 95.53, 96.19, 96.83, 98.12, 98.81, 98.8, 98.83, 98.76, 98.84, 98.5, 97.02, 98.2, 98.07, 96.35, 96.15, 96.91, 96.92, 97.8, 97.03, 97.89, 98.29, 98.63, 97.69, 95.79, 97.31, 97.65, 96.5, 98.35, 98.3, 98.81, 98.92, 98.95, 98.92, 98.91, 98.85, 98.26, 98.34, 97.72, 98.19, 96.86, 97.99, 97.56, 97.78, 97.4, 98.16, 98.64, 98.64, 98.28, 98.65, 98.79, 98.54, 98.36, 98.52, 98.36, 96.3, 96.1, 96.81, 96.19, 98.12, 98.72, 98.89, 98.94, 98.94, 98.93, 98.79, 98.55, 98.55, 97.8, 97.45, 96.27, 96.15, 97.65, 98.08, 98.32, 98.55, 98.88, 98.84, 98.92, 98.72, 97.67, 95.98, 92.93, 94.08, 97.25, 98.03, 98.63, 98.61, 98.39, 97.68, 97.47, 96.54, 96.29, 97.18, 95.68, 96.01, 97.32, 98.59, 98.85, 98.88, 98.77, 98.65, 98.17, 97.55, 96.94, 97.17, 96.06, 93.95, 89.58, 87.27, 84.85, 81.46, 82.51, 85.77, 84.14, 86.85, 90.57, 96.26, 97.35, 97.8, 96.11, 97.41, 98.11, 97.6, 96.32, 95.65, 94.12, 91.8, 90.98, 91.09, 81.48, 66.91, 64.99, 72.74, 86.78, 93.52, 95.84, 96.63, 97.0, 97.42, 97.04, 91.48, 92.57, 97.06, 96.93, 98.31, 98.0, 97.88, 96.43, 95.42, 94.44, 88.97, 91.03, 91.98, 93.92, 94.26, 95.72, 96.49, 97.09, 96.79, 96.22, 96.96, 95.35, 94.66, 98.19, 97.92, 98.49, 98.01, 97.81, 96.52, 95.32, 94.76, 92.99, 89.55, 78.55, 78.18, 85.99, 85.3, 91.78, 95.7, 96.26, 96.95, 97.52, 98.17, 98.22, 98.53, 98.56, 98.36, 97.43, 96.52, 94.1, 87.74, 84.98, 83.75, 88.3, 87.62, 93.84, 97.39, 97.9, 98.52, 98.76, 98.86, 98.7, 98.12, 97.99, 97.61, 97.99, 97.58, 96.75, 95.49, 96.09, 95.58, 95.69, 97.28, 97.86, 97.73, 97.87, 97.63, 97.14, 97.01, 96.96, 95.64, 94.74, 93.96, 92.45, 93.27, 93.11, 94.55, 96.17, 97.33, 98.58, 98.63, 98.52, 98.09, 98.36, 96.91, 96.84, 96.17, 97.6, 98.49, 98.17, 97.84, 97.56, 97.01, 97.56, 96.47, 96.42, 96.56, 97.39, 97.32, 96.63, 92.27, 89.81, 89.73, 92.42, 94.53, 94.14, 95.98, 96.28, 96.45, 97.39, 97.94, 98.07, 97.71, 96.75, 93.63, 90.41, 83.04, 71.66, 66.57, 70.4, 87.65, 94.02, 94.71, 96.99, 97.86, 98.16, 98.68, 98.77, 98.56, 98.43, 97.69, 96.99, 96.38, 94.9, 95.5, 94.31, 86.25, 74.39, 55.2, 40.59, 35.05, 31.97, 30.15, 31.98, 35.07, 36.56, 49.28, 47.35, 53.58, 58.94, 65.94, 68.57, 71.75, 77.65, 74.59, 79.25, 82.56, 81.96, 78.8, 80.59, 79.58, 73.45, 73.66, 75.19, 68.18, 68.57, 62.16, 53.27, 48.09]",91.74667307692309,
O95801,387,"[40.97, 37.45, 41.62, 41.44, 42.74, 48.65, 49.14, 56.97, 56.73, 58.23, 69.27, 72.7, 71.54, 70.48, 78.07, 79.74, 74.21, 79.11, 79.98, 73.93, 66.15, 69.95, 71.86, 68.09, 65.25, 63.27, 66.79, 67.03, 68.65, 73.57, 78.17, 77.79, 82.82, 83.4, 83.61, 83.09, 83.55, 81.06, 84.55, 83.03, 79.89, 83.88, 82.76, 83.38, 86.16, 83.74, 82.51, 82.34, 75.67, 78.48, 77.46, 80.01, 80.88, 83.21, 82.96, 83.95, 82.5, 81.43, 84.27, 83.5, 84.03, 83.54, 82.11, 80.94, 79.43, 78.15, 77.52, 72.93, 73.78, 71.82, 74.95, 78.86, 83.28, 89.27, 91.11, 92.34, 91.67, 91.19, 94.23, 94.19, 93.08, 95.61, 96.29, 96.58, 95.57, 97.26, 97.36, 97.92, 97.83, 97.73, 97.59, 97.25, 96.34, 97.28, 97.93, 97.98, 97.38, 98.13, 98.2, 97.88, 97.15, 98.05, 97.98, 95.46, 95.46, 95.96, 95.64, 92.5, 87.6, 87.91, 91.89, 93.29, 93.69, 94.39, 95.02, 95.96, 96.58, 96.47, 97.4, 98.1, 97.84, 97.93, 98.34, 98.32, 97.96, 98.23, 98.39, 98.27, 97.38, 97.75, 97.07, 97.91, 97.93, 98.03, 98.04, 98.3, 98.21, 98.23, 98.21, 98.01, 97.56, 97.12, 96.95, 95.74, 96.06, 95.41, 93.86, 92.98, 92.43, 93.26, 94.98, 95.26, 96.33, 96.72, 96.88, 96.76, 97.42, 97.53, 97.14, 97.95, 98.14, 97.08, 96.93, 97.39, 96.43, 97.38, 97.39, 96.84, 97.44, 97.81, 97.65, 97.2, 97.1, 97.28, 97.02, 95.41, 96.0, 96.5, 95.92, 94.52, 94.29, 95.05, 94.96, 95.17, 95.88, 95.05, 96.36, 97.36, 97.06, 96.56, 97.56, 97.49, 97.7, 97.73, 97.4, 97.7, 97.48, 96.38, 96.17, 95.76, 93.87, 94.65, 95.11, 94.52, 94.44, 94.83, 95.02, 93.51, 93.96, 93.14, 90.46, 88.29, 90.35, 90.0, 86.12, 85.61, 87.78, 86.0, 84.97, 86.54, 88.49, 88.23, 84.65, 88.19, 91.14, 89.54, 87.76, 92.1, 91.51, 91.56, 90.94, 88.95, 85.34, 77.51, 67.5, 56.59, 50.17, 39.0, 36.68, 35.45, 39.97, 42.55, 39.55, 34.19, 43.31, 45.42, 44.48, 42.33, 51.38, 50.71, 53.41, 60.36, 59.48, 60.94, 61.91, 64.87, 60.04, 62.7, 61.81, 62.43, 60.79, 60.64, 69.62, 76.33, 79.12, 88.26, 89.27, 89.95, 89.77, 88.23, 88.77, 89.05, 92.8, 93.03, 94.04, 93.45, 93.46, 94.99, 94.5, 96.64, 96.12, 95.93, 93.92, 93.44, 93.53, 93.18, 94.75, 94.47, 93.86, 92.97, 93.82, 91.58, 92.76, 95.64, 96.04, 95.2, 95.66, 96.62, 96.77, 97.13, 96.29, 96.43, 95.93, 95.58, 95.34, 94.72, 93.55, 94.21, 90.12, 90.17, 90.71, 92.43, 93.31, 93.7, 92.46, 89.28, 90.63, 91.41, 92.81, 93.14, 92.5, 92.17, 91.66, 93.36, 95.42, 96.17, 97.45, 97.01, 96.48, 93.51, 92.68, 86.95, 88.0, 90.08, 90.24, 93.87, 95.1, 96.96, 96.7, 97.2, 95.65, 94.29, 95.11, 96.41, 97.05, 96.65, 95.78, 95.72, 96.27, 95.0, 94.97, 94.98, 92.67, 92.88, 93.83, 91.26, 89.49, 84.76, 80.04, 85.77, 89.19, 93.6, 94.74, 97.32, 96.62, 96.6, 94.5, 95.09, 91.56, 89.59, 92.63, 92.26, 93.77, 92.48, 92.74, 93.71, 91.78, 92.04, 91.41, 89.36, 91.47, 93.01, 93.49, 95.01, 93.06, 92.93, 85.24]",87.10545219638243,
P00338,332,"[74.85, 82.65, 92.36, 95.6, 93.0, 90.57, 94.77, 95.98, 93.85, 91.63, 88.74, 91.47, 89.72, 83.5, 74.1, 77.82, 76.78, 90.11, 95.64, 96.89, 98.2, 98.76, 98.91, 98.95, 98.92, 98.82, 98.32, 98.54, 97.38, 97.79, 98.25, 98.66, 98.8, 98.84, 98.87, 98.89, 98.85, 98.82, 98.84, 98.83, 98.68, 98.59, 98.57, 98.67, 98.65, 98.4, 98.73, 98.85, 98.87, 98.9, 98.78, 98.38, 96.87, 96.74, 96.84, 98.22, 98.45, 98.69, 98.56, 98.71, 98.81, 98.76, 98.78, 98.83, 98.74, 98.8, 98.67, 98.52, 98.37, 98.5, 98.57, 98.29, 98.28, 98.55, 97.64, 98.3, 98.7, 98.64, 98.59, 97.84, 97.52, 97.47, 98.17, 97.53, 98.12, 98.51, 98.39, 98.03, 98.78, 98.78, 98.91, 98.93, 98.93, 98.85, 98.57, 96.91, 91.52, 89.23, 83.15, 78.69, 82.15, 79.14, 80.26, 85.68, 80.22, 78.86, 84.49, 87.7, 89.58, 91.56, 92.81, 94.02, 95.38, 94.79, 94.42, 95.96, 97.87, 96.43, 96.6, 98.23, 98.52, 98.51, 98.53, 98.61, 98.38, 98.58, 98.58, 98.61, 98.14, 97.75, 98.74, 98.84, 98.91, 98.92, 98.82, 98.58, 97.07, 93.87, 94.23, 97.28, 97.83, 96.88, 97.36, 98.6, 98.18, 97.69, 98.49, 98.47, 97.54, 97.78, 98.13, 97.76, 98.56, 98.18, 97.41, 98.43, 98.73, 98.83, 98.91, 98.86, 98.74, 98.14, 98.61, 98.78, 98.48, 98.23, 98.67, 98.68, 98.41, 98.43, 98.66, 98.68, 98.27, 97.83, 98.39, 98.09, 97.56, 97.5, 98.11, 98.13, 98.66, 98.39, 98.43, 98.6, 98.42, 98.7, 98.27, 98.63, 98.58, 98.53, 97.99, 97.26, 96.06, 91.6, 91.38, 94.46, 97.15, 98.18, 98.01, 98.38, 98.19, 97.5, 97.24, 97.96, 98.66, 98.59, 97.99, 97.74, 98.3, 98.18, 97.55, 96.37, 96.8, 97.28, 96.48, 96.34, 96.66, 96.71, 93.83, 95.17, 94.23, 94.95, 95.41, 94.58, 95.69, 95.68, 96.71, 94.82, 95.2, 96.74, 96.14, 95.3, 94.93, 95.23, 91.13, 92.05, 88.98, 84.56, 89.91, 93.29, 93.03, 91.38, 93.5, 95.82, 95.37, 92.89, 92.51, 93.47, 97.77, 98.61, 98.4, 98.36, 98.74, 98.85, 98.85, 98.9, 98.9, 98.9, 98.92, 98.88, 98.88, 98.83, 98.81, 98.72, 98.72, 98.71, 98.68, 98.58, 98.77, 98.82, 98.89, 98.72, 98.88, 98.79, 98.63, 97.73, 95.75, 96.11, 94.56, 94.12, 95.32, 93.99, 95.58, 95.13, 95.73, 96.16, 97.12, 98.48, 98.26, 98.77, 98.52, 98.65, 98.79, 98.76, 98.73, 98.52, 98.19, 98.27, 98.61, 98.73, 98.18, 98.34, 97.8, 97.98, 96.65, 97.03, 97.1, 97.4, 97.09, 96.85, 95.9, 97.64, 97.7, 97.79, 97.37, 97.74, 97.34, 96.94, 95.99, 97.2, 96.01, 93.46, 95.23, 95.53, 93.83, 91.8, 93.53, 93.16, 91.75, 89.84, 85.38, 77.52]",96.17198795180722,
P01350,101,"[64.53, 85.0, 88.49, 90.99, 90.9, 91.93, 94.63, 93.89, 95.33, 94.59, 94.54, 94.68, 94.22, 93.16, 91.72, 90.83, 86.97, 82.74, 79.16, 65.37, 62.42, 63.78, 55.3, 61.6, 61.94, 58.48, 59.27, 54.54, 53.61, 57.85, 55.03, 52.89, 56.68, 54.81, 44.71, 50.04, 47.24, 41.39, 45.71, 50.51, 43.01, 52.75, 49.43, 52.76, 48.49, 49.04, 51.54, 48.77, 54.71, 51.79, 47.02, 48.79, 52.41, 48.71, 53.19, 52.7, 58.54, 55.3, 63.73, 57.31, 59.52, 57.21, 58.1, 60.86, 67.96, 67.38, 60.66, 64.5, 63.7, 68.8, 69.44, 65.07, 69.76, 66.13, 66.94, 63.11, 68.67, 72.15, 63.27, 63.03, 59.36, 59.69, 59.64, 55.57, 57.98, 58.84, 62.59, 68.02, 75.14, 69.29, 69.85, 69.09, 70.27, 65.14, 65.19, 61.02, 61.24, 66.2, 64.25, 60.49, 47.44]",64.49524752475246,
P02654,83,"[56.56, 60.03, 61.16, 63.87, 65.19, 69.42, 71.15, 72.11, 75.67, 73.35, 74.85, 73.04, 73.68, 68.81, 63.95, 63.56, 63.31, 57.59, 51.74, 50.64, 50.81, 42.16, 44.69, 48.12, 43.17, 42.66, 41.83, 47.07, 52.53, 55.2, 57.39, 61.28, 61.72, 65.04, 72.2, 73.25, 72.25, 76.22, 79.02, 76.79, 79.35, 81.87, 84.95, 78.48, 81.22, 85.51, 83.11, 80.56, 80.7, 83.22, 78.09, 78.7, 76.61, 71.88, 68.56, 65.65, 64.21, 59.18, 62.02, 65.95, 66.76, 70.58, 74.83, 78.16, 76.47, 84.41, 87.25, 86.83, 86.79, 87.92, 88.51, 84.43, 87.22, 87.62, 84.02, 82.66, 84.96, 82.18, 76.6, 71.66, 62.71, 56.35, 48.92]",69.64746987951808,
P04156,253,"[53.23, 57.65, 62.68, 71.81, 73.07, 73.68, 77.11, 79.64, 73.61, 79.16, 79.08, 77.52, 77.75, 73.51, 73.49, 63.35, 61.36, 55.5, 56.07, 52.09, 45.79, 46.36, 44.99, 42.12, 45.37, 46.63, 46.6, 48.81, 39.21, 35.6, 36.27, 36.81, 41.24, 38.92, 36.81, 41.04, 40.19, 39.24, 43.72, 42.26, 39.63, 36.51, 40.92, 42.43, 39.85, 37.06, 34.36, 37.91, 39.93, 54.29, 46.67, 42.86, 35.38, 33.72, 37.86, 31.25, 39.89, 39.07, 43.42, 45.68, 42.65, 38.97, 38.83, 32.34, 39.45, 39.94, 46.49, 46.27, 38.34, 35.19, 38.59, 29.66, 38.5, 36.69, 40.34, 48.7, 34.77, 29.3, 38.19, 29.83, 30.69, 37.78, 44.39, 44.68, 35.4, 35.57, 32.79, 32.13, 32.13, 36.88, 35.48, 32.2, 28.17, 29.51, 31.27, 31.13, 35.07, 32.51, 38.86, 42.87, 45.83, 53.41, 48.62, 48.87, 49.6, 40.04, 47.65, 44.11, 47.56, 41.36, 50.15, 44.6, 46.33, 36.02, 43.36, 38.23, 42.12, 40.48, 42.85, 47.9, 50.46, 55.04, 48.2, 64.34, 64.32, 69.46, 80.13, 84.68, 85.61, 85.87, 84.88, 83.08, 85.3, 84.27, 84.38, 84.48, 85.54, 85.76, 85.61, 88.36, 85.86, 86.16, 87.77, 89.44, 89.46, 89.18, 88.87, 90.86, 90.23, 89.95, 89.6, 90.14, 89.08, 87.69, 87.01, 86.7, 88.09, 87.87, 89.48, 89.75, 91.9, 90.45, 89.69, 87.96, 83.35, 74.91, 79.22, 80.61, 83.26, 80.76, 84.75, 85.5, 89.91, 90.88, 91.08, 92.61, 92.77, 92.6, 92.53, 93.65, 91.97, 90.34, 91.08, 90.27, 88.89, 86.59, 86.11, 85.06, 84.06, 81.97, 80.31, 80.66, 77.8, 78.32, 78.52, 78.22, 82.19, 82.33, 85.61, 85.75, 87.02, 88.32, 88.18, 89.67, 88.94, 89.83, 91.33, 90.59, 91.24, 92.84, 92.3, 91.0, 90.56, 91.92, 90.81, 90.37, 88.5, 88.49, 87.73, 85.4, 82.41, 81.45, 82.11, 80.61, 76.32, 72.28, 72.02, 66.04, 60.76, 55.4, 50.19, 47.96, 51.31, 52.17, 52.9, 55.21, 60.33, 62.55, 70.7, 69.99, 72.4, 76.77, 80.45, 80.38, 79.61, 84.18, 85.61, 85.15, 82.68, 83.87, 83.6, 80.83, 66.94]",64.25806324110671,
P05198,315,"[33.86, 41.96, 51.36, 55.7, 59.94, 62.0, 67.62, 65.55, 67.69, 63.65, 67.31, 65.67, 70.37, 76.95, 79.89, 84.58, 83.54, 84.18, 85.68, 87.28, 87.41, 90.08, 90.38, 89.32, 88.74, 87.96, 84.95, 84.96, 79.03, 81.02, 83.49, 86.49, 89.95, 90.37, 88.88, 86.47, 79.84, 73.94, 75.84, 76.18, 77.64, 82.98, 86.95, 88.81, 89.23, 88.7, 85.24, 79.31, 81.23, 81.26, 79.48, 73.16, 70.78, 74.44, 68.17, 66.58, 70.09, 68.87, 70.46, 72.33, 74.07, 71.5, 75.94, 80.48, 87.01, 85.37, 86.63, 87.89, 86.46, 87.46, 89.16, 89.82, 89.85, 89.36, 87.5, 87.6, 87.61, 81.1, 81.57, 77.51, 76.45, 82.96, 88.16, 90.03, 89.7, 88.35, 84.34, 82.14, 80.46, 82.67, 83.92, 82.57, 86.65, 84.57, 83.94, 86.8, 85.66, 83.64, 86.11, 85.52, 83.45, 83.07, 84.7, 83.94, 83.11, 83.35, 83.07, 83.32, 83.02, 83.54, 83.05, 80.93, 81.78, 82.32, 81.99, 81.93, 82.14, 82.36, 79.24, 78.46, 72.67, 69.95, 73.43, 73.19, 74.12, 75.12, 75.74, 76.19, 78.28, 78.85, 76.92, 76.64, 75.59, 75.87, 73.9, 75.18, 76.05, 72.66, 72.28, 71.42, 73.13, 68.37, 65.08, 65.41, 61.45, 60.66, 68.25, 68.35, 73.77, 80.42, 78.6, 77.52, 78.59, 77.78, 75.64, 76.41, 74.11, 71.78, 70.49, 69.43, 70.48, 70.03, 65.41, 64.59, 63.5, 63.62, 63.3, 65.5, 72.75, 73.79, 77.29, 78.14, 77.16, 81.09, 82.55, 82.09, 80.95, 82.58, 80.78, 80.71, 77.32, 75.78, 73.2, 71.63, 65.91, 65.19, 67.3, 74.21, 78.63, 82.82, 86.11, 85.14, 87.33, 87.49, 87.08, 88.23, 83.57, 84.29, 82.39, 79.09, 76.31, 72.24, 76.7, 75.34, 78.2, 83.19, 83.3, 84.15, 84.8, 85.74, 85.16, 84.62, 86.65, 82.62, 80.58, 80.9, 80.52, 73.58, 70.28, 72.72, 63.06, 67.16, 71.02, 79.33, 83.28, 83.66, 84.71, 84.52, 83.47, 80.82, 75.54, 75.42, 79.6, 87.61, 86.14, 87.27, 85.65, 86.37, 85.54, 85.04, 82.02, 75.51, 76.23, 76.53, 83.38, 80.93, 79.12, 83.43, 85.86, 84.08, 84.96, 86.98, 87.51, 85.74, 86.01, 88.26, 88.3, 86.13, 87.62, 88.42, 84.2, 84.12, 84.34, 83.96, 79.19, 79.56, 80.94, 83.45, 85.45, 87.33, 87.79, 83.98, 83.07, 85.13, 85.12, 83.91, 81.49, 78.01, 76.07, 70.68, 72.9, 71.26, 69.87, 75.62, 75.81, 68.5, 75.43, 79.98, 72.76, 70.26, 77.74, 76.35, 67.37, 69.53, 68.9, 66.84, 64.24, 63.93, 56.63, 54.44, 48.23, 52.18, 52.65, 48.4, 47.92, 47.86, 44.44, 45.18, 41.54, 44.48, 49.31, 51.77, 50.24, 41.81, 44.91]",77.04222222222224,
P08559,390,"[41.26, 42.54, 37.85, 43.87, 41.73, 41.26, 42.32, 39.33, 39.57, 40.63, 41.2, 39.59, 37.14, 39.2, 37.62, 39.97, 40.94, 43.7, 39.92, 42.87, 35.71, 38.6, 41.17, 37.25, 46.57, 46.99, 50.18, 63.47, 86.78, 96.0, 96.85, 97.48, 98.35, 98.19, 98.63, 98.64, 98.46, 98.4, 98.11, 98.57, 98.74, 98.74, 98.84, 98.85, 98.61, 98.61, 97.93, 97.51, 98.14, 98.43, 98.45, 98.61, 98.48, 98.72, 98.74, 98.81, 98.7, 98.48, 98.62, 98.73, 98.77, 98.79, 98.85, 98.88, 98.91, 98.9, 98.9, 98.93, 98.89, 98.92, 98.9, 98.91, 98.86, 98.91, 98.89, 98.79, 98.8, 98.82, 98.77, 98.74, 98.65, 98.64, 98.24, 98.44, 98.44, 98.42, 98.68, 97.99, 97.98, 98.22, 98.68, 98.81, 98.74, 98.71, 98.8, 98.73, 98.88, 98.91, 98.91, 98.9, 98.82, 98.93, 98.91, 98.92, 98.92, 98.84, 98.79, 98.83, 98.63, 98.5, 98.74, 98.89, 98.92, 98.93, 98.92, 98.9, 98.61, 98.52, 98.76, 98.79, 98.91, 98.87, 98.9, 98.88, 98.91, 98.86, 98.85, 98.59, 98.66, 98.76, 98.86, 98.78, 98.86, 98.91, 98.88, 98.89, 98.91, 98.82, 98.74, 98.69, 98.72, 98.48, 98.47, 98.72, 98.58, 98.54, 98.61, 98.46, 98.59, 98.44, 98.54, 98.71, 98.64, 98.84, 98.83, 98.77, 98.7, 98.58, 98.69, 98.89, 98.8, 94.83, 96.27, 98.49, 97.39, 98.55, 98.39, 98.42, 98.76, 98.81, 98.92, 98.89, 98.89, 98.92, 98.91, 98.86, 98.91, 98.9, 98.9, 98.87, 98.73, 98.69, 98.76, 98.6, 97.79, 97.1, 97.41, 98.79, 98.88, 98.93, 98.94, 98.96, 98.93, 98.93, 98.79, 98.78, 98.13, 98.7, 98.75, 98.58, 98.82, 98.73, 98.72, 98.89, 98.85, 98.91, 98.91, 98.89, 98.9, 98.91, 98.91, 98.86, 98.82, 98.82, 98.78, 98.91, 98.87, 98.93, 98.96, 98.96, 98.96, 98.93, 98.9, 98.86, 98.66, 98.58, 98.73, 98.31, 98.08, 97.91, 98.51, 98.65, 98.57, 98.61, 98.53, 98.28, 98.56, 98.57, 98.4, 98.69, 98.78, 98.84, 98.82, 98.85, 98.65, 98.65, 98.7, 98.62, 98.84, 98.88, 98.9, 98.93, 98.92, 98.91, 98.82, 98.85, 98.87, 98.85, 98.87, 98.87, 98.84, 98.92, 98.88, 98.89, 98.9, 98.93, 98.88, 98.9, 98.88, 98.88, 98.8, 98.83, 98.81, 98.65, 98.47, 98.38, 98.7, 98.74, 98.93, 98.95, 98.91, 98.94, 98.94, 98.92, 98.9, 98.88, 98.81, 98.72, 98.63, 98.42, 98.25, 98.52, 97.84, 98.03, 96.58, 97.84, 96.89, 97.43, 97.25, 97.53, 98.09, 97.88, 98.19, 97.7, 98.27, 98.42, 98.3, 98.05, 98.36, 98.41, 98.03, 97.77, 97.97, 98.26, 98.81, 98.83, 98.85, 98.67, 98.71, 98.79, 98.72, 98.59, 98.54, 98.69, 98.55, 98.24, 98.07, 97.98, 98.44, 98.15, 97.8, 98.1, 97.91, 98.06, 98.63, 98.37, 98.58, 98.75, 98.76, 98.74, 98.75, 98.84, 98.66, 98.71, 98.75, 98.84, 98.76, 98.76, 98.83, 98.73, 98.7, 98.8, 98.78, 98.27, 98.57, 98.6, 98.55, 98.75, 98.45, 98.46, 98.61, 98.3, 98.47, 98.59, 98.28, 98.65, 98.34, 98.55, 98.53, 98.28, 97.86, 98.1, 98.13, 98.53, 98.77, 98.57, 98.65, 98.53, 98.35, 98.31, 98.22, 97.88, 98.26, 98.46, 98.46, 98.69, 98.47, 98.62, 98.42, 97.04]",94.47374358974359,
P09601,288,"[41.74, 56.43, 59.7, 53.32, 54.24, 49.08, 60.35, 68.27, 66.81, 76.51, 83.46, 94.28, 95.69, 94.85, 94.99, 95.55, 96.26, 93.44, 94.88, 94.84, 94.52, 94.41, 95.55, 94.84, 91.95, 94.79, 95.7, 93.51, 90.73, 94.59, 95.18, 97.26, 96.58, 96.13, 96.3, 96.41, 95.77, 94.13, 96.29, 96.16, 96.42, 94.73, 96.1, 97.08, 97.24, 97.05, 97.97, 98.38, 98.16, 97.93, 98.57, 98.7, 98.71, 98.69, 98.85, 98.85, 98.83, 98.87, 98.86, 98.91, 98.9, 98.9, 98.89, 98.91, 98.88, 98.85, 98.79, 98.73, 98.57, 98.45, 98.15, 98.04, 98.29, 98.73, 98.56, 98.57, 98.68, 98.76, 98.82, 98.61, 98.57, 98.7, 98.69, 98.72, 98.71, 98.78, 98.61, 98.62, 98.76, 98.76, 98.5, 98.6, 98.74, 98.49, 98.15, 98.26, 98.4, 98.13, 97.38, 97.82, 98.55, 97.99, 97.71, 97.94, 98.28, 98.1, 98.4, 98.25, 98.64, 98.54, 98.66, 98.81, 98.83, 98.74, 98.92, 98.86, 98.88, 98.91, 98.91, 98.87, 98.88, 98.77, 98.65, 98.62, 98.62, 98.64, 98.5, 98.85, 98.86, 98.66, 98.64, 98.76, 98.64, 97.18, 96.48, 97.88, 97.94, 95.26, 92.22, 95.52, 94.71, 90.28, 85.28, 88.03, 88.65, 91.63, 92.55, 95.23, 95.16, 95.93, 96.48, 96.52, 96.46, 97.08, 97.06, 96.52, 95.88, 92.63, 91.44, 93.72, 93.44, 95.32, 97.48, 98.01, 98.07, 98.34, 97.1, 96.29, 97.57, 96.88, 98.26, 98.08, 97.32, 97.23, 95.74, 96.08, 98.04, 98.29, 97.29, 97.6, 98.32, 98.29, 97.85, 97.89, 98.28, 97.77, 97.63, 97.06, 97.44, 94.46, 95.64, 96.16, 95.2, 97.21, 97.67, 97.5, 97.3, 98.53, 98.56, 97.93, 98.54, 98.78, 98.46, 98.37, 98.67, 98.45, 97.51, 98.16, 98.56, 97.59, 97.79, 98.41, 98.34, 97.82, 97.95, 98.36, 97.59, 97.47, 97.49, 96.79, 94.97, 92.95, 82.04, 71.97, 65.98, 58.69, 57.16, 50.76, 39.09, 41.5, 43.97, 37.84, 43.33, 36.08, 41.33, 42.19, 40.99, 41.64, 40.35, 41.35, 39.95, 42.72, 42.17, 42.2, 41.98, 42.94, 45.07, 49.34, 49.24, 50.76, 45.17, 43.96, 50.24, 46.31, 44.38, 51.38, 49.05, 45.73, 38.72, 36.22, 39.31, 34.08, 35.48, 34.16, 37.9, 35.92, 33.09, 34.4, 30.57, 34.01, 29.66, 31.32, 26.89, 27.7, 25.67, 32.67, 26.42, 25.04, 26.6, 28.69, 25.2, 25.24, 31.62, 28.58, 26.93, 33.95, 36.54, 37.98]",82.68059027777778,
P0C7U1,165,"[42.52, 42.11, 37.28, 42.17, 40.96, 43.66, 38.31, 39.49, 40.29, 38.14, 40.31, 41.4, 37.38, 36.68, 42.29, 44.04, 43.42, 51.96, 57.21, 55.83, 51.37, 56.47, 52.71, 49.22, 51.3, 52.13, 51.87, 60.39, 74.56, 84.42, 92.82, 95.62, 96.55, 97.22, 96.66, 95.47, 96.97, 97.67, 98.12, 98.22, 98.56, 98.69, 98.72, 98.48, 98.62, 98.67, 98.53, 98.65, 98.55, 98.66, 98.66, 98.26, 98.01, 97.91, 98.43, 98.74, 98.82, 98.84, 98.86, 98.79, 98.85, 98.73, 97.69, 96.45, 94.54, 93.94, 91.43, 91.49, 90.09, 81.97, 66.47, 64.29, 60.26, 69.34, 66.76, 82.91, 94.53, 96.65, 98.39, 98.65, 98.82, 98.83, 98.75, 98.77, 98.0, 95.96, 96.34, 96.47, 96.76, 98.11, 98.56, 98.33, 98.24, 98.43, 98.44, 97.93, 96.26, 96.57, 98.21, 98.03, 98.46, 98.72, 98.58, 98.23, 98.35, 97.94, 97.27, 95.76, 94.54, 93.04, 91.6, 94.23, 97.31, 97.96, 98.33, 98.58, 98.78, 98.82, 98.85, 98.86, 98.76, 98.68, 98.1, 97.37, 97.13, 97.69, 97.46, 98.02, 98.38, 98.76, 98.86, 98.87, 98.87, 98.71, 98.31, 97.25, 96.05, 94.98, 94.95, 93.33, 91.17, 88.36, 83.42, 80.93, 81.69, 85.62, 86.18, 87.64, 90.94, 91.48, 93.11, 95.1, 96.62, 97.73, 98.42, 98.76, 98.79, 98.7, 98.74, 98.87, 98.7, 98.74, 98.16, 93.28, 80.73]",86.5001212121212,
P0CJ87,422,"[67.33, 49.82, 49.18, 57.97, 51.63, 54.31, 49.53, 42.09, 43.79, 47.13, 42.69, 43.73, 51.04, 48.89, 45.76, 50.46, 51.52, 64.56, 78.81, 86.16, 90.98, 92.31, 92.93, 92.98, 96.05, 95.73, 97.73, 97.86, 97.3, 98.04, 97.63, 97.8, 97.89, 98.37, 97.57, 96.99, 96.59, 96.51, 94.12, 93.41, 94.11, 95.58, 96.56, 96.49, 96.71, 97.45, 97.47, 97.31, 98.22, 98.2, 98.31, 98.29, 98.39, 98.25, 97.85, 97.58, 97.55, 97.36, 97.12, 97.91, 97.1, 97.27, 98.13, 97.75, 96.91, 98.24, 98.17, 96.98, 97.55, 97.61, 97.05, 96.61, 96.2, 94.67, 94.19, 95.2, 94.85, 93.57, 94.25, 95.58, 96.34, 94.02, 93.31, 90.61, 89.04, 84.88, 83.49, 84.18, 81.17, 85.46, 89.4, 91.33, 93.32, 91.69, 94.31, 94.47, 95.98, 95.78, 95.33, 96.99, 96.62, 97.93, 97.7, 97.64, 98.1, 97.86, 97.93, 97.7, 98.1, 97.57, 97.34, 97.12, 96.73, 95.87, 95.57, 94.5, 94.83, 95.73, 96.17, 95.41, 96.02, 96.39, 96.75, 97.9, 97.55, 97.83, 98.04, 98.19, 98.1, 97.92, 97.66, 97.66, 97.6, 97.38, 97.55, 96.57, 97.53, 97.88, 96.92, 96.72, 97.96, 97.81, 95.98, 97.06, 96.95, 96.78, 94.67, 92.73, 86.57, 76.81, 64.45, 56.52, 48.98, 41.23, 36.66, 40.02, 49.97, 45.59, 46.6, 41.43, 42.65, 37.75, 42.36, 36.42, 44.16, 42.38, 49.41, 43.89, 45.05, 41.39, 42.1, 49.89, 51.93, 53.29, 52.11, 40.01, 38.8, 47.07, 37.97, 39.12, 37.38, 41.98, 40.09, 37.52, 35.25, 43.42, 38.96, 43.2, 37.41, 44.01, 47.55, 38.18, 53.29, 45.19, 53.77, 49.89, 37.64, 43.36, 44.17, 35.86, 39.66, 43.61, 54.87, 44.84, 40.55, 40.94, 42.48, 53.97, 46.95, 48.57, 41.55, 45.68, 42.28, 42.89, 47.97, 46.08, 40.31, 51.44, 46.11, 45.04, 50.44, 44.28, 40.52, 45.26, 42.74, 39.15, 42.27, 41.58, 45.83, 45.39, 37.78, 47.56, 39.69, 47.47, 43.34, 38.42, 43.29, 42.23, 42.84, 40.38, 46.78, 42.02, 38.56, 54.55, 49.38, 56.52, 58.14, 41.43, 42.59, 37.35, 46.77, 43.99, 41.41, 61.0, 41.4, 41.42, 51.23, 43.37, 42.24, 55.13, 54.83, 43.72, 46.85, 35.56, 47.05, 35.5, 41.78, 40.67, 43.67, 48.9, 43.37, 47.91, 41.73, 41.01, 39.85, 38.82, 42.57, 46.73, 40.53, 50.49, 40.53, 40.23, 41.53, 34.1, 37.48, 46.6, 36.47, 47.74, 37.57, 45.38, 41.87, 38.27, 51.03, 44.08, 41.03, 40.46, 33.84, 39.72, 36.96, 38.37, 56.42, 43.74, 35.16, 44.29, 42.92, 37.25, 39.25, 39.69, 38.34, 40.6, 34.08, 38.01, 37.44, 35.3, 33.59, 43.96, 33.48, 41.27, 36.2, 31.55, 36.2, 30.21, 34.8, 36.1, 37.21, 39.2, 38.99, 39.23, 37.43, 49.23, 61.2, 65.35, 58.4, 54.05, 60.48, 57.81, 65.91, 62.33, 43.55, 43.52, 50.27, 41.85, 49.46, 42.91, 45.59, 45.6, 45.77, 45.39, 36.86, 43.47, 54.57, 40.11, 53.17, 41.13, 44.32, 35.15, 39.21, 41.83, 38.39, 44.28, 42.33, 40.17, 41.73, 44.3, 38.94, 40.66, 43.45, 44.74, 46.65, 49.79, 49.94, 54.57, 55.36, 54.75, 56.73, 58.05, 60.98, 53.31, 61.58, 65.32, 58.39, 54.53, 56.86, 59.28, 54.81, 47.25, 49.77, 44.38, 45.43, 42.25, 39.03, 44.9, 41.51, 41.04, 45.22, 34.16, 45.42, 36.16, 38.28, 41.78, 39.42, 41.94, 34.87, 44.09, 42.55, 44.09, 53.59, 59.44, 66.51, 72.13, 78.89, 76.85, 77.4, 82.1, 74.88, 80.46, 82.02, 76.33, 75.94, 78.24, 71.63, 56.64]",61.70452606635072,
P0DO92,83,"[55.65, 50.34, 56.42, 70.08, 64.51, 59.85, 48.29, 62.54, 53.0, 48.67, 51.66, 56.11, 59.24, 53.09, 62.59, 66.24, 61.38, 63.23, 60.41, 54.08, 61.34, 57.62, 57.44, 60.1, 54.07, 58.23, 62.99, 56.49, 61.18, 64.26, 66.69, 80.64, 86.38, 85.17, 87.29, 88.75, 91.76, 92.95, 90.86, 93.17, 94.6, 92.83, 94.23, 94.48, 95.64, 94.67, 91.8, 90.12, 90.54, 89.04, 84.94, 84.55, 82.81, 77.48, 64.59, 62.76, 59.93, 55.37, 61.14, 60.96, 61.64, 60.46, 58.45, 56.07, 59.25, 56.99, 56.91, 53.82, 59.32, 58.74, 58.91, 58.29, 59.53, 65.34, 61.27, 63.54, 59.39, 56.04, 62.92, 63.61, 56.75, 64.61, 56.67]",67.53927710843372,
P10074,688,"[39.13, 54.24, 55.31, 59.03, 59.02, 65.65, 69.25, 75.2, 70.53, 73.09, 75.04, 77.56, 72.81, 74.23, 72.41, 70.56, 70.98, 70.86, 59.05, 60.33, 64.76, 66.98, 59.64, 54.46, 61.0, 64.0, 71.04, 78.71, 83.41, 85.05, 86.01, 87.83, 81.08, 80.25, 82.89, 83.63, 82.89, 82.56, 83.23, 81.14, 82.41, 78.15, 84.14, 87.46, 84.56, 84.75, 88.74, 90.43, 89.0, 91.07, 89.68, 84.59, 84.55, 83.3, 73.88, 66.77, 54.2, 52.58, 50.45, 55.52, 64.59, 77.12, 84.83, 87.71, 88.96, 88.51, 86.67, 85.78, 89.95, 85.6, 83.05, 87.79, 91.26, 87.28, 89.63, 90.3, 89.8, 84.51, 87.71, 88.35, 83.56, 77.5, 80.21, 80.49, 85.29, 85.86, 86.92, 87.96, 84.69, 85.91, 90.22, 90.54, 90.55, 90.3, 92.44, 92.16, 92.64, 92.72, 93.1, 94.0, 92.22, 92.73, 93.5, 93.06, 89.05, 89.93, 90.53, 92.19, 90.7, 89.69, 90.95, 90.0, 88.51, 88.51, 80.93, 73.17, 68.06, 47.96, 42.76, 38.62, 34.0, 28.49, 24.26, 26.24, 21.41, 24.67, 26.71, 23.82, 28.77, 25.25, 22.4, 47.69, 30.67, 23.04, 29.25, 25.25, 30.73, 27.21, 22.95, 27.31, 25.29, 31.62, 24.26, 20.53, 27.88, 23.8, 21.3, 27.25, 23.35, 21.0, 26.69, 22.66, 29.13, 22.51, 28.4, 25.16, 21.15, 25.93, 23.08, 22.38, 36.07, 21.62, 29.72, 25.6, 19.08, 28.34, 21.19, 26.03, 22.59, 28.78, 20.52, 27.41, 24.13, 19.62, 25.67, 20.72, 24.78, 26.09, 20.21, 28.67, 25.8, 26.28, 31.73, 25.48, 26.3, 31.96, 27.67, 32.71, 34.92, 31.46, 32.14, 30.34, 28.89, 33.67, 30.05, 26.19, 30.57, 25.08, 28.24, 26.55, 26.73, 28.25, 25.8, 25.2, 26.86, 22.44, 29.54, 29.03, 24.87, 26.57, 23.98, 24.56, 27.26, 24.71, 22.9, 28.63, 25.1, 22.04, 24.59, 23.08, 21.13, 24.73, 21.23, 28.13, 23.11, 25.56, 25.75, 28.46, 28.46, 22.24, 24.43, 22.58, 25.61, 25.77, 25.61, 22.37, 27.83, 24.65, 29.26, 29.04, 29.93, 30.34, 34.51, 31.22, 38.93, 31.31, 34.35, 33.25, 29.6, 28.54, 24.19, 28.52, 25.0, 25.94, 26.99, 25.13, 25.97, 25.5, 25.54, 29.11, 27.27, 23.22, 24.58, 35.38, 23.84, 24.18, 21.67, 24.37, 34.41, 23.03, 25.16, 26.02, 26.3, 28.37, 24.5, 28.9, 26.71, 25.27, 25.71, 30.51, 31.26, 30.55, 35.46, 39.35, 39.29, 43.47, 48.53, 56.65, 70.93, 75.66, 82.07, 81.77, 79.0, 79.99, 72.88, 79.86, 81.73, 81.21, 83.61, 84.66, 83.71, 84.99, 83.68, 84.31, 85.26, 82.78, 83.27, 80.31, 80.72, 80.63, 83.93, 74.41, 75.92, 79.41, 75.77, 75.73, 82.51, 83.4, 88.05, 83.56, 82.54, 81.1, 72.19, 76.59, 80.13, 79.98, 83.14, 84.06, 83.19, 84.65, 84.93, 87.07, 84.65, 84.82, 87.29, 84.1, 80.44, 79.98, 79.63, 76.36, 64.39, 69.86, 62.47, 61.26, 58.04, 58.27, 62.94, 65.59, 76.67, 82.81, 84.81, 87.84, 87.47, 86.92, 90.51, 86.12, 87.6, 83.45, 86.59, 81.96, 78.66, 84.42, 84.01, 86.2, 86.41, 86.15, 86.97, 88.11, 86.37, 88.76, 85.33, 88.72, 84.57, 82.63, 83.76, 87.39, 85.21, 90.02, 88.02, 89.79, 87.6, 86.04, 89.61, 87.45, 89.6, 90.61, 90.6, 88.01, 86.67, 86.55, 84.76, 87.55, 87.99, 86.11, 84.88, 86.14, 85.65, 83.69, 81.35, 80.46, 83.94, 78.54, 75.92, 76.0, 80.91, 80.2, 86.63, 85.87, 87.27, 85.97, 84.16, 86.43, 83.77, 84.23, 85.11, 84.98, 82.38, 82.89, 86.21, 84.6, 84.3, 86.27, 85.4, 83.42, 83.52, 84.47, 82.27, 79.28, 79.44, 81.42, 76.69, 68.1, 67.74, 54.91, 72.88, 80.05, 82.49, 87.14, 87.09, 85.8, 88.72, 84.55, 83.56, 82.92, 83.43, 81.76, 83.11, 86.86, 88.52, 89.06, 89.22, 90.41, 90.2, 90.7, 91.4, 90.53, 91.17, 90.28, 90.96, 88.51, 88.11, 88.64, 90.42, 88.47, 92.98, 92.44, 93.75, 89.65, 88.97, 90.44, 86.95, 90.81, 91.84, 92.4, 92.05, 91.05, 91.85, 90.23, 92.22, 93.34, 91.85, 91.16, 92.28, 91.5, 91.61, 90.32, 89.95, 88.26, 87.97, 89.27, 91.3, 89.89, 93.73, 93.86, 94.73, 91.59, 89.27, 92.84, 91.14, 93.17, 92.97, 93.44, 91.16, 91.7, 92.37, 91.16, 92.87, 93.97, 92.01, 91.59, 92.79, 91.82, 92.86, 90.68, 89.91, 89.16, 87.87, 89.64, 90.2, 89.51, 91.97, 90.0, 82.79, 85.29, 76.56, 82.26, 85.63, 84.4, 90.37, 87.61, 90.39, 89.27, 88.58, 85.7, 83.29, 84.85, 81.41, 75.57, 77.69, 76.42, 72.72, 69.95, 71.11, 72.89, 65.07, 57.33, 59.6, 66.51, 65.67, 71.23, 65.15, 66.63, 65.58, 60.84, 63.82, 58.53, 69.25, 67.64, 76.51, 74.97, 76.63, 79.29, 83.11, 81.64, 79.76, 82.13, 78.51, 77.19, 78.03, 74.34, 67.0, 68.94, 65.66, 59.29, 61.0, 70.93, 74.0, 78.97, 77.03, 78.96, 80.96, 72.07, 74.89, 74.77, 72.8, 72.72, 74.93, 76.9, 76.15, 82.85, 82.11, 82.21, 82.47, 82.73, 80.06, 80.06, 78.15, 81.43, 75.32, 73.91, 69.27, 66.46, 58.06, 54.78, 47.69, 53.77, 55.15, 53.48, 48.74, 47.72, 55.42, 52.54, 51.2, 50.06, 50.78, 53.37, 49.37, 48.53, 49.72, 48.36, 43.22, 45.74, 45.69, 44.1, 46.95, 45.79, 41.12, 33.9, 39.65, 39.38, 40.42, 42.84, 37.65, 34.81, 40.75, 35.41, 33.69, 32.65, 35.06, 32.7, 27.91, 33.85, 24.08, 28.11, 30.49, 28.85, 34.67, 31.19, 27.22, 26.9, 28.17, 27.14, 34.08, 31.57, 30.41, 34.92, 30.49, 28.21, 27.86, 23.79, 29.28, 28.97, 25.53, 31.36, 24.24, 31.17, 26.65, 28.26, 33.5, 29.66, 36.32, 34.32, 33.19, 35.92, 34.83, 32.75, 34.25, 30.09, 30.78, 28.88, 32.11, 33.34, 39.78, 38.28, 42.1, 28.16, 32.33, 40.4]",62.793124999999996,
P13010,732,"[31.25, 30.01, 35.58, 42.52, 51.44, 72.68, 89.57, 93.77, 95.86, 96.87, 97.84, 97.72, 97.27, 97.43, 97.08, 95.48, 93.55, 92.23, 91.72, 92.88, 91.17, 87.75, 80.72, 81.82, 80.29, 77.67, 83.62, 88.0, 92.1, 92.91, 94.59, 93.49, 93.36, 95.23, 94.87, 93.67, 95.07, 95.82, 94.36, 92.5, 94.28, 94.81, 92.73, 91.32, 92.08, 92.71, 90.86, 87.87, 88.31, 86.85, 91.46, 93.25, 95.36, 96.47, 97.28, 97.66, 97.5, 97.32, 96.37, 93.94, 94.91, 93.03, 91.85, 93.88, 93.66, 93.4, 91.77, 91.11, 86.56, 81.24, 81.16, 83.55, 86.66, 89.53, 92.23, 94.1, 95.67, 96.65, 96.53, 95.24, 94.66, 95.69, 95.17, 94.24, 94.65, 93.81, 93.33, 92.87, 93.82, 94.35, 92.42, 93.25, 94.4, 92.68, 88.52, 88.77, 91.43, 92.85, 91.82, 91.64, 89.94, 91.15, 92.53, 91.07, 91.99, 93.17, 93.57, 93.29, 93.72, 95.27, 95.0, 94.76, 95.61, 96.47, 95.16, 95.26, 95.55, 94.78, 91.9, 93.53, 93.18, 91.37, 89.88, 88.08, 90.35, 88.89, 90.4, 90.15, 92.99, 95.05, 96.82, 97.57, 97.33, 97.31, 97.17, 95.93, 93.81, 93.88, 90.42, 89.32, 89.08, 89.5, 88.6, 89.12, 83.95, 80.46, 88.83, 90.72, 91.54, 92.35, 92.82, 93.43, 92.91, 93.68, 93.31, 92.98, 90.45, 91.88, 94.6, 94.84, 95.24, 96.58, 96.39, 96.15, 94.13, 91.08, 88.3, 84.04, 76.45, 61.8, 47.81, 39.27, 30.02, 30.01, 27.23, 31.5, 32.01, 29.5, 41.86, 42.94, 56.83, 68.99, 76.43, 78.49, 83.4, 79.85, 80.52, 80.52, 70.0, 63.93, 59.32, 61.72, 57.4, 54.91, 55.24, 72.23, 82.27, 88.21, 88.89, 91.26, 91.22, 90.1, 92.11, 92.45, 92.43, 91.7, 92.58, 93.21, 93.16, 91.98, 92.75, 93.24, 94.32, 92.72, 91.45, 89.0, 91.2, 87.79, 87.08, 87.74, 90.34, 89.41, 92.59, 93.91, 93.24, 93.37, 93.7, 91.08, 91.03, 93.41, 91.6, 91.15, 91.04, 89.91, 90.08, 89.76, 89.9, 90.7, 90.12, 89.83, 86.59, 83.99, 83.84, 86.11, 89.06, 91.11, 93.56, 94.58, 94.33, 95.7, 96.73, 96.94, 96.55, 94.19, 92.14, 94.22, 95.09, 95.79, 96.39, 96.83, 96.8, 96.41, 96.13, 95.66, 95.7, 92.06, 93.68, 93.36, 92.61, 90.14, 90.84, 90.64, 87.08, 88.61, 90.67, 93.05, 93.46, 94.73, 95.72, 95.1, 94.34, 93.83, 93.84, 93.53, 93.66, 94.09, 93.66, 92.46, 93.38, 92.53, 93.12, 91.0, 93.25, 91.82, 92.99, 91.82, 90.7, 89.22, 89.84, 88.16, 88.37, 88.82, 89.95, 92.11, 92.46, 91.51, 91.9, 89.72, 90.29, 91.43, 90.83, 93.44, 93.13, 95.6, 95.54, 94.73, 95.35, 94.87, 96.6, 95.05, 95.04, 94.6, 93.54, 93.02, 93.13, 93.14, 93.27, 92.06, 90.55, 91.49, 92.7, 92.1, 91.97, 88.93, 88.67, 87.33, 90.91, 94.75, 93.7, 96.83, 96.69, 98.02, 97.19, 96.96, 97.77, 97.27, 97.52, 95.37, 95.67, 95.73, 95.38, 94.71, 94.71, 95.2, 95.76, 96.53, 94.84, 92.24, 92.95, 94.49, 96.93, 97.0, 97.13, 97.11, 96.58, 96.0, 94.94, 90.89, 91.48, 93.82, 95.17, 96.19, 95.64, 96.03, 96.83, 96.37, 96.69, 96.56, 96.77, 96.46, 97.49, 97.46, 97.49, 97.29, 96.92, 96.97, 96.68, 96.16, 96.97, 97.57, 97.89, 98.25, 97.62, 97.22, 96.66, 95.48, 93.75, 91.42, 89.94, 89.62, 91.8, 92.44, 94.63, 96.15, 97.24, 97.52, 97.91, 97.67, 96.97, 97.28, 95.94, 94.63, 93.3, 88.5, 89.62, 93.27, 94.43, 96.09, 97.53, 97.69, 98.06, 97.86, 97.65, 97.54, 97.28, 97.07, 96.57, 95.28, 95.77, 95.22, 94.86, 93.58, 94.55, 93.59, 93.72, 92.58, 92.76, 93.87, 90.88, 87.4, 87.06, 88.15, 90.0, 90.53, 91.48, 92.61, 94.09, 94.59, 94.82, 94.04, 95.61, 95.73, 95.52, 96.34, 96.94, 95.72, 96.16, 96.25, 93.86, 94.03, 94.6, 93.69, 92.43, 91.28, 87.45, 86.69, 79.95, 77.57, 80.98, 83.59, 81.27, 84.39, 86.21, 86.33, 89.92, 88.6, 91.33, 91.09, 92.71, 91.55, 90.71, 93.29, 92.57, 94.08, 94.0, 94.14, 93.27, 90.15, 95.18, 95.36, 93.75, 92.78, 95.53, 94.35, 93.49, 94.42, 94.34, 93.31, 92.42, 93.79, 93.96, 95.39, 95.6, 96.36, 96.21, 95.46, 96.44, 95.74, 93.08, 93.01, 91.9, 93.08, 94.07, 92.07, 92.15, 94.39, 93.33, 91.83, 90.23, 88.98, 87.41, 91.54, 92.47, 92.73, 92.96, 94.27, 94.93, 94.8, 95.39, 96.22, 95.23, 94.5, 95.35, 95.9, 95.2, 95.42, 94.96, 92.62, 94.27, 91.09, 91.22, 87.42, 78.49, 61.31, 50.86, 38.67, 39.26, 41.85, 41.29, 46.55, 53.39, 51.48, 51.95, 54.53, 45.73, 38.56, 41.41, 34.97, 39.39, 38.79, 35.04, 36.44, 32.03, 33.94, 37.47, 30.05, 30.54, 32.23, 24.96, 30.66, 27.38, 27.07, 26.61, 32.96, 32.01, 30.97, 32.54, 43.45, 40.18, 38.45, 40.78, 47.28, 42.48, 45.75, 57.28, 58.92, 66.18, 71.1, 71.57, 70.63, 68.79, 69.99, 75.57, 77.77, 78.96, 79.45, 81.2, 81.71, 81.88, 79.65, 79.14, 79.16, 79.15, 73.79, 68.36, 62.44, 64.28, 74.4, 76.7, 79.17, 80.03, 80.24, 81.38, 84.28, 83.13, 84.26, 84.31, 84.21, 79.48, 81.28, 81.72, 79.53, 79.11, 75.19, 77.65, 74.2, 69.25, 72.48, 75.61, 77.08, 78.4, 78.58, 80.43, 79.56, 81.03, 82.76, 82.93, 82.73, 83.87, 84.15, 83.67, 84.72, 83.68, 83.86, 82.43, 82.48, 81.03, 80.91, 77.37, 75.88, 77.41, 77.51, 77.52, 78.49, 82.24, 83.81, 83.53, 82.96, 80.21, 81.33, 81.65, 79.22, 78.65, 80.2, 76.15, 74.68, 74.37, 75.29, 73.16, 71.63, 69.31, 72.83, 74.07, 76.6, 78.22, 76.88, 74.36, 74.62, 76.18, 73.66, 70.04, 67.51, 67.91, 70.26, 74.65, 73.95, 74.92, 72.36, 69.31, 67.43, 63.4, 63.68, 65.38, 63.33, 68.72, 66.15, 72.25, 69.54, 69.26, 71.34, 65.63, 66.77, 68.51, 66.56, 64.1, 57.59, 53.87, 46.64, 33.31, 33.24, 33.84, 27.48, 30.6, 27.39, 34.68, 29.49, 33.9, 37.55, 29.39, 32.95, 29.26, 32.53, 31.31, 35.89, 37.33, 40.87, 42.94, 41.78, 38.65, 39.62, 35.64, 42.82]",83.17553278688524,
P14555,144,"[63.7, 74.08, 74.98, 76.84, 76.08, 75.19, 73.12, 75.21, 72.77, 69.49, 68.14, 60.7, 55.18, 48.47, 44.17, 42.01, 38.58, 39.2, 33.18, 37.81, 62.16, 87.85, 93.12, 95.12, 96.58, 96.33, 96.38, 97.74, 98.24, 98.3, 98.35, 98.4, 98.16, 98.01, 97.81, 97.44, 97.34, 94.47, 95.62, 97.95, 97.98, 93.96, 95.21, 98.51, 98.37, 98.33, 98.07, 97.36, 91.47, 85.03, 81.06, 88.64, 95.47, 97.5, 98.21, 98.39, 98.45, 98.53, 98.68, 98.79, 98.69, 98.63, 98.76, 98.38, 98.26, 98.29, 97.81, 96.5, 96.93, 97.33, 96.07, 95.18, 96.93, 96.59, 95.57, 96.9, 96.76, 96.24, 95.46, 92.5, 91.72, 88.35, 89.85, 93.5, 93.6, 95.66, 96.33, 97.02, 97.83, 97.04, 97.32, 94.89, 96.84, 97.82, 98.39, 98.22, 97.81, 96.63, 96.08, 96.29, 96.97, 97.41, 96.8, 96.79, 97.08, 97.38, 97.59, 97.88, 98.23, 98.15, 98.14, 98.43, 98.68, 98.63, 98.68, 98.78, 98.9, 98.81, 98.62, 98.7, 98.74, 97.97, 97.85, 98.41, 98.53, 98.28, 97.72, 97.89, 98.18, 97.4, 95.62, 96.1, 93.38, 90.45, 93.53, 95.65, 97.44, 96.72, 97.06, 96.4, 96.59, 96.57, 93.64, 93.31]",91.14812500000001,
P19387,275,"[51.13, 83.1, 85.19, 86.67, 91.23, 93.58, 94.92, 96.23, 96.42, 96.81, 96.99, 96.16, 96.57, 95.26, 94.12, 88.93, 91.53, 95.57, 97.44, 97.96, 97.87, 97.9, 97.16, 95.57, 94.27, 94.8, 94.77, 96.32, 96.48, 96.08, 96.59, 96.97, 97.05, 96.77, 97.0, 97.08, 97.42, 97.11, 96.93, 95.7, 96.22, 96.53, 96.3, 96.65, 96.28, 97.31, 97.75, 97.82, 97.73, 98.18, 98.02, 98.12, 97.93, 97.63, 97.97, 97.55, 97.02, 97.41, 97.7, 97.67, 98.04, 97.69, 98.08, 97.81, 97.99, 98.27, 97.89, 97.34, 97.44, 97.37, 96.58, 95.59, 95.37, 92.93, 85.39, 83.48, 83.11, 85.63, 88.52, 89.22, 91.32, 92.56, 94.02, 95.5, 94.39, 94.73, 94.81, 94.59, 94.62, 94.41, 90.77, 90.26, 93.86, 93.86, 92.2, 93.29, 95.27, 95.87, 95.77, 96.88, 97.33, 97.68, 97.13, 97.27, 97.15, 96.99, 96.56, 95.23, 95.13, 94.61, 95.66, 95.24, 94.81, 95.51, 95.63, 94.96, 94.13, 90.18, 93.79, 94.93, 94.52, 94.03, 92.76, 89.92, 87.3, 87.88, 91.98, 92.06, 92.81, 87.5, 77.75, 67.37, 62.55, 57.27, 51.65, 51.86, 52.7, 48.62, 51.32, 50.99, 50.91, 45.54, 48.93, 53.35, 54.73, 66.62, 87.18, 94.0, 95.26, 96.47, 97.35, 97.17, 97.6, 97.3, 97.31, 96.21, 97.95, 97.45, 97.8, 98.21, 98.13, 97.89, 97.78, 97.6, 97.34, 96.7, 96.76, 96.87, 96.39, 96.05, 96.79, 96.95, 98.19, 97.54, 97.48, 97.68, 97.57, 96.46, 96.98, 95.62, 95.77, 97.63, 97.93, 97.93, 98.0, 97.54, 96.9, 97.28, 97.0, 96.73, 96.39, 96.55, 96.28, 96.44, 96.89, 96.67, 95.58, 96.11, 96.08, 94.54, 93.87, 95.45, 95.79, 96.23, 95.22, 96.61, 96.02, 96.24, 95.93, 92.9, 92.93, 92.14, 88.53, 90.83, 93.5, 91.82, 95.08, 95.08, 95.14, 95.83, 94.09, 93.87, 95.25, 92.32, 94.1, 94.93, 91.3, 95.52, 98.11, 98.08, 98.26, 98.03, 97.83, 97.31, 95.29, 92.91, 91.27, 93.09, 93.72, 93.26, 94.94, 94.53, 94.11, 96.0, 95.58, 95.11, 95.15, 96.03, 95.96, 95.97, 93.58, 95.41, 96.56, 95.98, 95.98, 96.74, 97.93, 97.33, 97.5, 97.03, 97.71, 96.71, 96.22, 95.73, 94.77, 94.44, 94.67, 92.38, 90.93, 87.15, 80.61, 68.77, 63.78, 60.22, 48.73]",92.20796363636363,
P22888,699,"[39.13, 42.4, 42.61, 48.87, 52.12, 62.41, 62.5, 63.71, 64.64, 62.52, 65.35, 64.02, 61.86, 58.5, 56.89, 55.46, 46.53, 39.99, 41.19, 40.45, 37.02, 38.51, 37.74, 39.0, 43.9, 45.59, 53.2, 64.09, 82.21, 88.67, 89.31, 86.62, 88.29, 92.94, 91.65, 90.49, 87.06, 84.61, 82.06, 88.71, 91.6, 94.03, 93.37, 93.31, 85.02, 84.26, 81.33, 82.55, 83.25, 85.9, 89.58, 92.81, 94.36, 94.66, 94.72, 94.98, 94.39, 92.91, 92.96, 91.73, 94.22, 95.35, 96.76, 96.87, 96.66, 96.2, 94.08, 94.16, 95.36, 90.93, 89.38, 91.82, 87.66, 92.41, 95.17, 96.8, 97.9, 97.59, 97.66, 97.08, 96.26, 95.03, 94.96, 92.3, 93.87, 96.81, 96.33, 97.14, 98.01, 97.7, 97.17, 96.33, 96.9, 96.51, 94.45, 93.73, 94.79, 94.14, 95.33, 97.16, 97.44, 98.34, 98.33, 98.43, 98.0, 97.37, 96.54, 95.98, 93.67, 95.45, 97.63, 95.59, 96.54, 97.78, 97.59, 96.74, 95.5, 97.59, 97.53, 96.66, 95.71, 96.61, 95.9, 96.38, 97.79, 97.54, 98.52, 98.49, 98.5, 98.24, 98.26, 97.29, 97.86, 95.59, 97.57, 95.73, 96.54, 97.65, 97.0, 97.61, 97.21, 96.08, 96.32, 96.88, 95.38, 96.29, 94.9, 94.95, 94.13, 93.52, 97.57, 98.4, 98.36, 98.57, 98.21, 97.89, 97.24, 97.61, 96.09, 96.35, 97.05, 96.65, 97.79, 98.08, 97.84, 97.4, 97.31, 97.18, 97.41, 95.18, 93.69, 96.83, 95.26, 90.26, 94.76, 95.43, 97.3, 98.27, 98.41, 98.54, 98.3, 97.75, 97.38, 98.01, 96.71, 98.11, 97.5, 97.52, 98.13, 98.06, 97.09, 97.02, 97.65, 97.15, 95.8, 94.29, 95.91, 96.01, 96.58, 96.62, 97.9, 98.22, 98.25, 98.13, 97.27, 97.39, 97.94, 96.65, 97.28, 98.08, 96.28, 96.61, 96.98, 96.91, 94.61, 94.69, 96.61, 95.89, 93.58, 93.02, 94.7, 93.7, 92.47, 95.69, 94.82, 97.51, 97.62, 98.2, 97.63, 98.18, 97.78, 98.07, 96.65, 97.12, 93.9, 94.43, 95.16, 93.23, 86.68, 87.0, 86.0, 91.05, 89.81, 90.8, 93.89, 92.48, 95.22, 96.11, 97.54, 96.99, 96.31, 96.28, 95.59, 93.28, 94.16, 94.29, 90.8, 90.16, 90.57, 89.08, 83.98, 72.84, 77.14, 84.07, 86.87, 83.63, 87.58, 88.98, 88.2, 90.87, 93.5, 95.75, 95.02, 93.04, 90.12, 88.0, 87.41, 90.1, 89.02, 85.1, 81.55, 79.96, 70.85, 57.83, 51.06, 41.78, 40.76, 37.12, 34.25, 36.13, 25.59, 30.64, 31.72, 31.53, 32.22, 35.23, 42.04, 38.13, 32.74, 41.32, 49.53, 46.35, 44.45, 46.45, 47.44, 48.27, 42.02, 42.96, 43.11, 36.67, 43.04, 38.47, 35.56, 37.81, 33.89, 38.55, 36.23, 34.12, 35.32, 35.18, 41.09, 35.11, 32.99, 31.22, 30.65, 29.68, 30.79, 33.29, 33.72, 32.21, 37.89, 30.16, 39.63, 38.65, 41.69, 46.89, 45.91, 48.73, 56.91, 68.03, 80.11, 85.78, 89.48, 90.78, 88.06, 81.87, 78.19, 73.54, 63.85, 64.31, 71.14, 71.67, 79.24, 83.92, 86.99, 86.56, 85.56, 82.37, 86.56, 88.38, 91.27, 88.6, 90.41, 92.24, 91.13, 91.34, 92.92, 92.07, 91.04, 92.03, 92.02, 90.69, 91.57, 93.88, 92.15, 90.37, 93.24, 93.13, 90.81, 90.13, 91.52, 90.97, 88.88, 87.57, 88.29, 86.47, 81.46, 77.91, 76.34, 80.25, 85.38, 87.96, 89.53, 85.87, 88.19, 92.74, 91.95, 89.78, 93.23, 95.02, 92.87, 93.76, 95.71, 95.67, 93.74, 94.78, 96.17, 93.82, 94.66, 95.46, 95.11, 93.9, 94.92, 95.23, 93.57, 94.0, 94.85, 94.57, 92.94, 92.91, 92.94, 90.4, 87.33, 83.78, 83.73, 86.38, 84.03, 83.97, 89.14, 89.22, 89.73, 90.64, 92.7, 91.24, 89.93, 91.54, 93.08, 94.12, 94.98, 95.88, 96.23, 96.11, 95.63, 97.45, 96.43, 93.62, 94.95, 97.3, 95.71, 91.95, 93.92, 95.71, 92.54, 91.35, 94.26, 93.31, 89.46, 91.16, 92.93, 87.58, 85.49, 90.03, 87.53, 83.58, 83.17, 84.63, 79.98, 75.69, 76.04, 75.98, 69.28, 62.67, 60.05, 62.0, 58.18, 65.78, 71.72, 79.57, 86.99, 89.66, 92.48, 92.87, 93.95, 96.43, 96.94, 97.15, 97.79, 98.01, 98.07, 97.96, 98.34, 98.43, 97.95, 98.14, 98.12, 97.6, 96.95, 97.49, 96.95, 96.57, 95.62, 94.31, 94.12, 91.2, 92.76, 93.14, 91.7, 93.72, 89.86, 85.95, 87.0, 88.15, 89.99, 92.58, 89.95, 89.4, 82.6, 82.82, 83.94, 83.44, 89.45, 91.65, 93.32, 91.54, 91.53, 93.17, 94.61, 91.73, 91.25, 93.04, 92.23, 89.62, 91.02, 91.93, 87.86, 87.54, 91.33, 90.59, 85.56, 89.13, 90.65, 86.79, 86.43, 89.29, 87.31, 80.3, 83.52, 85.23, 79.61, 76.94, 82.09, 75.9, 71.88, 72.22, 70.7, 63.07, 63.59, 59.06, 56.15, 52.21, 57.02, 58.01, 58.42, 57.64, 59.25, 64.4, 63.1, 59.37, 65.67, 66.71, 62.66, 65.13, 69.98, 68.75, 67.99, 72.84, 78.11, 73.78, 74.71, 78.0, 80.62, 79.32, 81.09, 83.7, 82.98, 82.6, 85.89, 86.08, 83.31, 86.29, 87.85, 83.32, 83.23, 85.57, 82.63, 85.82, 78.99, 83.74, 82.75, 79.56, 76.28, 79.32, 84.34, 82.96, 84.64, 86.05, 84.52, 82.36, 81.85, 81.99, 82.77, 81.91, 83.0, 80.98, 78.16, 79.25, 80.04, 80.0, 79.88, 76.78, 74.46, 73.42, 70.85, 70.99, 71.94, 71.78, 72.86, 73.8, 73.92, 77.75, 81.84, 80.53, 80.4, 84.43, 84.47, 81.95, 81.39, 82.31, 83.69, 79.74, 83.55, 77.57, 78.45, 79.55, 78.59, 78.92, 78.51, 75.6, 78.51, 78.33, 74.95, 75.58, 69.92, 64.91, 56.34, 51.49, 52.23, 48.54, 37.94, 40.36, 41.95, 35.98, 37.1, 38.02, 36.33, 33.46, 35.03, 31.42, 32.37, 33.22, 31.42, 33.48, 35.78, 34.24, 29.57, 32.19, 29.28, 28.2, 25.56, 27.84, 28.27, 29.76, 29.67, 25.29, 30.96, 25.61, 31.35, 27.2, 30.78, 28.84, 29.91, 30.45, 27.56, 32.21, 27.17, 32.8, 28.96, 26.77, 30.94]",79.82434907010014,
P24666,158,"[38.28, 45.86, 51.1, 61.16, 77.79, 92.3, 96.43, 97.87, 98.64, 98.84, 98.92, 98.88, 98.54, 98.3, 97.75, 98.55, 97.99, 97.87, 98.72, 98.71, 98.75, 98.8, 98.85, 98.84, 98.7, 98.69, 98.49, 98.2, 97.82, 97.08, 97.07, 96.87, 96.48, 95.89, 96.26, 95.88, 95.52, 95.46, 95.73, 97.53, 97.83, 98.34, 98.7, 98.81, 98.83, 98.67, 98.2, 96.93, 95.06, 94.62, 97.06, 97.61, 97.82, 98.21, 98.36, 98.29, 98.33, 97.76, 98.38, 97.85, 97.97, 97.96, 98.5, 98.4, 98.04, 98.19, 98.37, 97.61, 97.71, 94.28, 96.39, 93.63, 97.23, 98.22, 98.59, 98.74, 98.56, 98.6, 98.19, 97.24, 97.75, 98.43, 98.39, 97.42, 97.08, 98.25, 97.59, 98.59, 98.79, 98.89, 98.8, 98.73, 98.71, 98.61, 98.51, 98.6, 98.63, 98.54, 98.29, 98.4, 98.09, 98.13, 97.8, 97.34, 96.38, 95.53, 96.11, 94.45, 93.94, 94.63, 95.51, 97.37, 97.76, 98.52, 98.51, 98.78, 98.84, 98.57, 98.37, 98.55, 98.48, 98.12, 98.5, 97.82, 98.27, 98.55, 98.72, 98.68, 98.57, 98.18, 98.27, 97.4, 97.07, 97.2, 97.82, 97.83, 98.24, 98.56, 98.61, 98.61, 98.67, 98.74, 98.79, 98.8, 98.78, 98.81, 98.67, 98.63, 98.73, 98.58, 98.17, 98.33, 98.26, 97.0, 94.65, 90.05, 78.36, 63.95]",96.05784810126582,
P26715,233,"[44.74, 48.97, 47.5, 54.42, 47.14, 61.58, 57.95, 37.2, 54.91, 44.76, 50.66, 46.23, 49.12, 57.78, 52.19, 44.27, 50.84, 41.54, 41.21, 39.83, 41.06, 42.28, 39.37, 45.73, 41.3, 34.36, 38.85, 43.42, 46.36, 48.91, 46.8, 53.73, 51.98, 58.91, 59.55, 64.73, 62.9, 65.72, 74.12, 70.49, 71.17, 72.98, 71.2, 69.98, 66.04, 71.91, 68.9, 64.57, 59.13, 58.19, 54.61, 49.48, 45.19, 41.58, 37.31, 39.98, 40.33, 42.22, 42.28, 41.34, 38.84, 38.85, 47.47, 51.61, 49.18, 46.53, 61.57, 63.03, 60.09, 64.86, 74.55, 79.05, 79.82, 83.84, 89.44, 91.36, 91.65, 93.15, 93.8, 94.73, 94.82, 93.79, 93.53, 92.56, 91.88, 89.62, 89.41, 87.91, 84.42, 84.46, 83.51, 82.8, 76.1, 73.28, 74.01, 70.94, 64.67, 64.13, 58.26, 59.67, 57.7, 55.34, 59.95, 56.08, 51.57, 53.38, 47.15, 45.56, 45.78, 42.81, 47.21, 40.03, 45.37, 41.26, 45.51, 54.18, 61.17, 84.09, 92.69, 92.8, 89.69, 90.79, 95.18, 94.08, 94.03, 94.06, 92.44, 92.18, 94.93, 96.35, 97.56, 97.85, 97.05, 96.81, 96.32, 97.58, 98.54, 98.59, 98.73, 98.61, 98.49, 98.76, 98.8, 98.35, 98.48, 98.6, 98.5, 97.84, 97.8, 96.82, 95.93, 97.03, 97.65, 98.29, 97.96, 96.34, 94.72, 92.44, 92.61, 93.16, 94.59, 95.13, 94.79, 95.01, 94.99, 96.01, 94.65, 95.76, 93.93, 95.17, 95.33, 97.3, 98.47, 98.66, 98.3, 98.16, 97.97, 97.38, 95.39, 92.65, 90.67, 86.85, 85.82, 92.01, 93.65, 95.98, 97.12, 97.01, 94.66, 92.27, 93.88, 95.26, 95.27, 95.01, 91.27, 91.61, 92.3, 94.36, 92.73, 86.41, 80.58, 78.43, 81.7, 79.33, 89.56, 95.45, 96.59, 97.9, 97.72, 97.89, 97.62, 95.82, 93.41, 93.64, 94.88, 96.31, 96.2, 96.48, 97.09, 96.86, 97.78, 97.81, 97.94, 98.43, 98.31, 98.47, 98.68, 98.48, 98.35, 97.69, 94.63, 92.07, 88.05]",77.11798283261801,
P32942,547,"[43.01, 43.99, 38.36, 36.31, 46.83, 45.42, 39.91, 40.22, 41.5, 36.92, 45.14, 43.6, 40.57, 43.77, 42.12, 43.62, 46.15, 43.47, 51.44, 43.51, 47.87, 39.69, 43.91, 46.67, 44.2, 37.37, 40.08, 42.22, 49.32, 58.17, 73.23, 82.57, 88.53, 91.96, 94.02, 95.72, 95.68, 94.7, 93.34, 92.92, 93.82, 92.96, 93.24, 92.98, 93.2, 92.28, 92.47, 94.37, 94.72, 95.33, 96.43, 96.39, 95.87, 94.42, 93.01, 89.41, 88.05, 81.32, 80.04, 81.09, 85.8, 89.9, 93.91, 93.47, 95.46, 94.39, 94.06, 91.75, 93.89, 94.04, 94.03, 95.37, 95.34, 94.9, 93.66, 93.36, 89.33, 87.94, 89.54, 93.77, 95.53, 96.36, 96.9, 96.46, 96.11, 94.25, 93.08, 93.34, 91.37, 90.56, 92.31, 93.62, 95.04, 95.42, 95.86, 95.22, 93.72, 92.98, 90.99, 87.46, 84.39, 83.07, 87.24, 89.23, 91.25, 93.29, 93.89, 95.73, 95.41, 95.07, 93.97, 92.63, 93.67, 94.04, 94.16, 94.1, 94.01, 91.95, 94.61, 96.77, 96.84, 97.53, 96.8, 96.91, 96.71, 95.74, 95.42, 96.55, 97.29, 97.14, 97.22, 96.3, 96.43, 96.87, 96.6, 97.42, 97.66, 97.38, 97.52, 96.3, 96.88, 95.45, 91.55, 92.69, 91.63, 92.09, 91.41, 91.46, 93.84, 95.79, 97.18, 97.39, 97.87, 98.14, 97.93, 96.84, 93.59, 93.51, 95.6, 97.12, 96.64, 97.12, 97.42, 96.43, 95.56, 93.98, 89.79, 87.59, 88.29, 89.48, 94.23, 95.23, 95.91, 96.84, 97.03, 97.05, 96.71, 97.25, 97.41, 96.64, 95.95, 94.46, 96.36, 96.45, 95.5, 95.76, 96.96, 98.04, 98.0, 97.14, 97.22, 97.13, 96.9, 96.03, 95.5, 92.99, 93.07, 90.33, 88.99, 87.09, 90.32, 91.76, 95.2, 95.39, 95.76, 94.91, 95.96, 97.16, 97.09, 97.03, 97.43, 96.09, 96.93, 96.96, 97.57, 97.73, 97.53, 97.13, 95.58, 94.99, 95.66, 96.96, 97.79, 97.53, 97.47, 96.57, 94.71, 93.47, 93.51, 94.42, 95.13, 94.56, 94.15, 91.34, 93.28, 92.79, 94.1, 95.66, 96.56, 96.96, 97.91, 97.72, 98.02, 96.75, 95.87, 96.48, 97.56, 96.53, 96.29, 94.87, 95.63, 96.34, 95.83, 96.6, 96.09, 97.06, 96.54, 95.34, 89.18, 86.88, 92.01, 94.81, 95.49, 93.82, 95.65, 96.3, 96.33, 95.83, 94.28, 93.75, 93.26, 95.9, 96.94, 97.12, 97.38, 97.52, 97.22, 96.95, 95.7, 95.13, 94.52, 92.82, 91.98, 90.22, 91.0, 89.99, 91.89, 92.69, 94.27, 94.51, 94.97, 96.13, 97.29, 97.73, 96.68, 97.55, 97.25, 97.31, 93.61, 92.03, 95.71, 96.22, 97.53, 97.31, 97.37, 97.06, 95.96, 94.24, 94.56, 95.27, 95.12, 94.31, 94.37, 94.26, 91.98, 89.17, 95.49, 95.3, 95.46, 95.37, 95.89, 95.46, 93.01, 94.03, 95.18, 94.42, 93.25, 93.09, 91.23, 93.26, 95.45, 96.19, 95.44, 95.92, 96.13, 96.9, 95.02, 95.77, 93.03, 90.5, 91.19, 95.34, 95.06, 97.07, 96.21, 96.3, 93.12, 90.77, 92.01, 94.18, 94.73, 93.45, 92.57, 91.49, 90.39, 93.96, 95.06, 95.83, 94.15, 92.74, 93.63, 94.32, 95.6, 95.44, 95.4, 92.96, 93.24, 95.07, 94.91, 94.49, 95.13, 95.98, 95.77, 96.65, 97.01, 96.44, 96.59, 95.71, 95.26, 93.11, 93.18, 88.66, 90.27, 91.81, 92.73, 93.97, 94.36, 95.19, 95.3, 96.5, 96.01, 95.83, 96.08, 96.5, 96.75, 96.42, 96.01, 94.83, 94.32, 95.76, 93.24, 93.82, 89.38, 91.08, 90.08, 89.68, 92.12, 90.22, 91.88, 93.34, 92.21, 91.57, 92.33, 89.36, 88.65, 86.09, 89.69, 91.86, 92.76, 92.48, 91.66, 90.83, 92.98, 92.9, 92.87, 93.43, 93.47, 95.52, 95.3, 94.37, 95.24, 94.74, 94.39, 94.13, 93.53, 93.64, 92.19, 87.8, 81.17, 77.5, 77.15, 87.47, 90.74, 90.46, 91.86, 91.2, 89.76, 90.54, 92.18, 93.11, 91.01, 90.35, 88.37, 86.21, 86.85, 90.02, 90.71, 91.8, 93.81, 93.49, 93.47, 93.94, 94.38, 96.11, 95.21, 95.08, 93.67, 91.58, 92.81, 94.73, 95.11, 94.14, 93.77, 93.81, 94.19, 94.0, 92.48, 92.09, 90.01, 84.41, 71.61, 64.09, 59.97, 57.96, 62.25, 64.16, 67.39, 72.88, 76.36, 80.64, 82.26, 83.48, 87.91, 90.32, 90.24, 87.38, 92.64, 88.91, 89.85, 90.36, 87.75, 87.67, 87.06, 87.06, 85.06, 84.76, 83.24, 83.9, 79.5, 76.93, 74.96, 68.04, 61.7, 59.59, 57.87, 48.47, 44.9, 47.13, 39.7, 44.26, 43.48, 34.04, 45.79, 37.31, 38.67, 40.12, 41.28, 40.97, 40.1, 34.94, 40.71, 36.11, 39.65, 42.98, 43.48, 45.58, 41.79, 43.81, 41.81, 42.39, 41.85, 46.04, 50.69, 44.83, 48.17, 53.26, 42.15]",87.11837294332724,
P36955,418,"[34.42, 37.01, 38.49, 39.79, 40.14, 38.32, 41.8, 37.69, 40.86, 39.62, 36.5, 35.95, 39.06, 36.91, 35.27, 39.47, 32.74, 37.03, 34.38, 38.99, 38.37, 44.65, 40.7, 39.1, 39.9, 38.56, 37.75, 39.95, 36.36, 39.57, 35.58, 31.45, 37.88, 38.3, 33.83, 47.75, 53.58, 60.25, 72.4, 74.79, 75.89, 82.66, 88.03, 92.17, 95.27, 96.75, 96.27, 94.62, 96.09, 96.29, 97.6, 98.07, 97.73, 98.36, 98.62, 98.56, 98.55, 98.41, 98.82, 98.78, 98.73, 98.75, 98.77, 98.55, 98.49, 98.51, 98.25, 97.61, 96.46, 96.96, 96.02, 93.57, 92.83, 93.29, 93.94, 95.59, 97.95, 98.21, 98.3, 98.22, 98.56, 97.99, 98.63, 98.48, 98.63, 98.72, 98.8, 98.66, 98.55, 98.66, 98.69, 98.61, 98.31, 98.18, 98.02, 98.1, 96.28, 93.27, 95.72, 97.77, 97.61, 97.06, 97.66, 98.26, 97.77, 97.65, 98.18, 98.35, 98.05, 97.27, 94.88, 93.75, 94.35, 88.89, 83.52, 86.83, 94.21, 97.1, 97.74, 97.62, 98.08, 98.52, 98.34, 97.98, 98.49, 98.45, 97.72, 97.97, 98.19, 97.69, 97.43, 95.1, 94.39, 95.96, 95.37, 97.97, 98.1, 98.32, 98.37, 98.57, 98.27, 98.55, 98.29, 98.18, 96.73, 95.58, 93.76, 96.76, 97.33, 98.23, 98.25, 97.34, 97.71, 98.26, 98.36, 97.73, 97.79, 98.35, 97.89, 97.92, 97.92, 98.42, 96.6, 97.53, 97.25, 97.91, 97.87, 97.45, 97.04, 95.33, 92.65, 93.8, 92.03, 92.87, 95.19, 95.91, 95.7, 96.52, 96.93, 96.81, 97.31, 97.95, 98.15, 97.92, 97.86, 97.9, 97.15, 97.48, 95.88, 94.81, 94.85, 94.77, 93.51, 96.32, 93.5, 90.17, 90.05, 83.32, 85.16, 86.04, 82.9, 88.82, 92.78, 96.8, 98.27, 97.93, 98.49, 98.23, 98.45, 98.58, 98.58, 98.54, 98.47, 97.19, 90.67, 95.61, 97.51, 95.56, 94.88, 95.87, 97.32, 96.45, 96.61, 97.29, 97.39, 98.24, 98.18, 98.49, 98.32, 98.47, 98.75, 98.65, 98.0, 96.37, 95.2, 96.9, 97.86, 98.15, 98.44, 98.43, 98.55, 98.49, 98.67, 98.55, 97.85, 95.86, 93.55, 92.12, 93.67, 93.06, 94.79, 96.22, 96.7, 96.06, 96.15, 95.64, 94.22, 93.72, 95.67, 96.6, 97.77, 98.17, 98.55, 98.38, 98.41, 97.58, 97.01, 97.21, 95.59, 94.71, 95.55, 97.72, 98.09, 98.67, 98.76, 98.84, 98.79, 98.67, 98.3, 97.37, 96.78, 97.72, 97.45, 96.75, 96.11, 97.44, 96.95, 96.84, 98.21, 98.3, 97.7, 97.88, 98.54, 98.64, 98.47, 97.7, 97.41, 98.29, 97.82, 96.68, 96.33, 95.47, 95.35, 95.12, 95.64, 94.07, 93.6, 92.96, 92.9, 94.4, 96.38, 97.98, 98.55, 98.63, 98.44, 98.25, 98.19, 97.63, 96.87, 96.91, 96.73, 95.98, 94.53, 94.49, 96.65, 97.08, 96.61, 96.81, 97.5, 96.83, 94.62, 95.83, 94.64, 97.12, 96.69, 96.48, 97.73, 97.41, 95.28, 94.0, 97.63, 98.07, 98.45, 97.79, 98.24, 98.51, 97.99, 96.35, 96.84, 96.95, 97.9, 97.86, 98.23, 97.25, 96.7, 97.88, 97.44, 98.08, 98.07, 98.29, 98.21, 98.49, 98.01, 98.15, 97.71, 97.92, 96.09, 92.47, 87.51, 81.66, 77.22, 70.58, 66.82, 66.19, 57.34, 61.2, 64.0, 69.5, 71.11, 70.24, 63.62, 64.51, 64.32, 68.64, 71.47, 91.72, 94.24, 97.77, 98.33, 98.71, 98.51, 98.53, 98.64, 98.76, 98.8, 98.81, 98.84, 98.79, 98.55, 98.5, 97.33, 97.49, 98.04, 98.23, 98.72, 98.84, 98.74, 98.79, 98.84, 98.57, 98.64, 98.58, 98.3, 97.86, 97.37, 95.79, 79.98, 65.3]",90.11456937799043,
P41182,706,"[31.1, 34.34, 40.05, 38.15, 38.38, 41.66, 50.39, 37.79, 49.93, 52.04, 47.73, 46.9, 55.05, 54.89, 50.81, 52.02, 53.5, 56.88, 49.64, 53.62, 52.63, 50.42, 48.38, 51.76, 44.27, 41.53, 40.02, 40.65, 40.6, 42.04, 35.81, 38.26, 33.82, 33.99, 32.51, 35.62, 32.48, 33.64, 35.36, 35.08, 41.77, 41.14, 40.29, 44.74, 44.85, 48.79, 45.9, 45.16, 45.86, 42.73, 44.9, 38.84, 42.4, 43.93, 38.98, 44.36, 42.8, 41.84, 41.03, 46.35, 40.74, 45.32, 43.11, 41.92, 40.01, 42.68, 38.97, 40.61, 38.48, 36.59, 37.98, 34.69, 35.54, 40.12, 34.55, 43.44, 39.43, 44.97, 42.28, 44.42, 45.94, 46.07, 47.86, 49.43, 52.16, 51.54, 51.79, 54.65, 53.23, 51.01, 47.27, 52.54, 47.68, 46.47, 46.03, 45.91, 51.46, 57.13, 58.83, 56.91, 57.97, 60.51, 63.05, 61.19, 58.62, 63.76, 65.1, 58.0, 60.17, 69.19, 64.44, 55.66, 59.41, 50.55, 68.09, 61.46, 55.93, 67.07, 71.68, 65.21, 64.39, 71.77, 71.72, 64.63, 69.12, 71.5, 66.86, 63.14, 59.28, 58.99, 54.18, 43.26, 53.25, 51.46, 42.39, 38.03, 34.31, 35.03, 28.98, 31.1, 27.97, 30.86, 26.64, 33.98, 33.54, 28.65, 30.4, 32.85, 34.77, 29.64, 36.72, 32.41, 33.59, 31.92, 32.23, 33.64, 26.28, 31.62, 29.76, 30.52, 25.7, 31.77, 33.7, 31.93, 33.9, 33.86, 34.98, 35.91, 30.49, 31.9, 35.14, 33.89, 43.38, 38.22, 38.41, 37.85, 39.96, 38.39, 38.56, 34.42, 32.35, 40.74, 29.96, 33.88, 33.82, 31.75, 35.72, 38.15, 37.27, 35.89, 36.92, 40.48, 37.33, 34.33, 31.26, 30.12, 33.33, 33.58, 29.08, 34.97, 29.99, 31.99, 28.13, 30.75, 27.53, 31.95, 26.82, 31.46, 26.78, 33.68, 32.23, 35.78, 36.8, 36.33, 34.61, 36.48, 32.33, 32.73, 35.35, 29.19, 32.19, 30.23, 36.56, 30.64, 35.96, 34.31, 32.33, 33.67, 33.7, 34.21, 35.99, 30.34, 33.85, 32.92, 34.86, 33.73, 35.92, 34.88, 36.99, 34.44, 28.51, 32.76, 34.93, 32.71, 34.66, 28.92, 37.89, 28.48, 38.01, 32.46, 36.41, 36.82, 34.62, 35.07, 33.41, 27.11, 32.3, 36.57, 33.32, 28.56, 37.71, 36.8, 37.57, 37.79, 39.95, 35.16, 37.87, 33.57, 36.74, 36.01, 35.27, 37.5, 42.21, 37.8, 35.3, 35.03, 34.13, 37.36, 35.45, 35.04, 36.53, 34.67, 36.12, 33.97, 33.61, 33.71, 28.62, 36.3, 33.44, 27.37, 32.87, 34.76, 32.63, 31.6, 35.59, 30.44, 31.99, 33.0, 32.53, 34.35, 36.12, 36.71, 33.26, 34.23, 34.99, 34.0, 33.87, 38.64, 36.68, 39.25, 37.82, 39.63, 36.79, 40.87, 33.55, 28.86, 33.08, 37.07, 42.53, 30.4, 33.74, 37.2, 37.7, 34.66, 37.24, 36.3, 36.19, 36.95, 35.78, 28.41, 39.05, 35.77, 31.52, 37.36, 32.84, 31.46, 33.36, 37.68, 30.65, 33.67, 36.52, 30.46, 26.42, 33.24, 28.17, 29.48, 36.1, 27.9, 32.58, 37.53, 38.54, 33.73, 35.23, 34.25, 33.0, 35.81, 34.58, 33.55, 35.96, 33.67, 28.04, 39.35, 33.44, 30.75, 35.22, 31.65, 33.32, 34.26, 32.52, 30.09, 32.29, 29.74, 28.09, 28.19, 32.82, 32.84, 35.44, 29.4, 28.23, 26.76, 32.27, 29.78, 31.66, 30.68, 37.41, 33.38, 32.84, 35.54, 32.51, 33.96, 32.65, 35.51, 35.19, 32.5, 34.87, 33.21, 37.09, 33.3, 35.58, 37.88, 36.04, 33.1, 35.47, 33.33, 40.47, 34.73, 33.63, 34.02, 38.18, 31.69, 39.9, 45.74, 34.43, 33.3, 35.98, 41.47, 41.14, 35.6, 31.03, 40.63, 36.84, 32.05, 39.1, 36.01, 37.03, 37.41, 30.91, 40.95, 33.67, 36.13, 36.26, 29.12, 35.35, 29.87, 36.76, 34.3, 33.77, 38.17, 37.96, 31.01, 35.8, 30.82, 32.95, 33.73, 31.32, 33.32, 34.51, 32.64, 38.13, 38.06, 35.87, 35.71, 35.34, 37.99, 35.21, 32.67, 30.19, 36.76, 33.48, 33.27, 33.79, 39.15, 34.79, 37.07, 38.74, 34.44, 39.39, 33.08, 40.15, 41.61, 44.71, 51.7, 57.34, 52.45, 54.81, 56.89, 53.87, 69.29, 61.33, 58.77, 54.28, 54.68, 55.23, 58.64, 59.74, 53.24, 56.48, 55.05, 50.31, 53.93, 46.26, 41.41, 33.21, 36.58, 39.52, 30.99, 34.82, 39.1, 32.25, 37.31, 37.24, 36.51, 31.51, 37.44, 35.94, 40.7, 32.57, 41.91, 41.4, 41.41, 46.18, 46.45, 47.61, 55.07, 56.49, 60.23, 70.11, 71.02, 76.56, 77.78, 70.2, 73.27, 77.78, 73.43, 77.01, 77.2, 78.66, 77.94, 81.32, 83.6, 82.58, 81.84, 82.26, 79.77, 78.02, 81.26, 79.92, 75.45, 68.48, 70.18, 77.22, 68.6, 67.06, 75.59, 77.76, 79.67, 82.34, 85.57, 84.27, 80.3, 84.14, 80.01, 81.14, 83.82, 80.63, 79.88, 78.09, 82.03, 80.28, 81.41, 84.58, 81.25, 80.36, 85.24, 82.59, 82.73, 80.7, 82.96, 80.3, 78.92, 79.32, 82.22, 82.22, 84.89, 86.33, 89.17, 87.51, 85.8, 87.03, 86.31, 85.99, 87.86, 85.99, 84.31, 82.98, 84.32, 83.34, 85.71, 88.72, 86.89, 86.71, 88.63, 87.45, 88.31, 86.04, 85.31, 85.36, 83.3, 84.07, 86.91, 86.54, 88.41, 87.41, 89.56, 87.14, 85.29, 87.06, 87.0, 86.77, 87.9, 86.41, 87.66, 87.22, 86.98, 83.38, 86.05, 88.75, 85.79, 84.53, 87.4, 86.37, 86.19, 84.4, 82.62, 81.92, 80.49, 78.91, 84.8, 83.61, 85.96, 84.7, 87.4, 86.72, 85.07, 84.81, 83.45, 83.64, 85.43, 83.9, 84.47, 83.7, 84.9, 82.04, 84.43, 88.01, 84.67, 84.3, 87.18, 85.78, 85.68, 84.31, 83.31, 82.29, 79.96, 81.19, 83.82, 83.23, 84.13, 85.5, 85.62, 83.0, 79.84, 84.51, 79.75, 84.61, 85.94, 84.2, 84.24, 84.26, 84.04, 84.42, 84.13, 86.92, 84.06, 85.25, 85.17, 84.32, 82.86, 82.62, 78.1, 79.75, 66.8, 57.37, 54.38, 49.98, 48.71, 49.4, 47.2, 51.47, 50.56, 39.84, 45.61, 46.43, 43.4, 41.19, 42.99, 39.14, 40.39, 41.17, 42.59, 40.03, 40.83, 42.45, 35.72, 41.06, 36.67]",49.58674220963172,
P43026,501,"[51.19, 59.26, 61.57, 73.68, 74.69, 77.66, 81.94, 80.27, 80.81, 83.46, 85.73, 82.91, 83.35, 83.71, 80.45, 78.57, 74.93, 71.07, 63.29, 63.43, 61.88, 61.05, 57.68, 55.66, 59.55, 46.89, 37.38, 42.74, 40.01, 41.89, 38.14, 42.77, 37.46, 35.91, 37.83, 34.74, 36.72, 37.08, 33.9, 37.52, 35.2, 35.12, 36.49, 31.18, 35.26, 31.57, 33.8, 34.77, 27.74, 33.82, 35.73, 34.98, 33.46, 33.2, 33.53, 31.04, 33.89, 30.59, 29.16, 36.93, 30.72, 30.48, 35.83, 30.25, 36.3, 34.38, 34.16, 33.97, 34.16, 40.94, 36.04, 41.71, 38.73, 41.19, 37.73, 39.71, 40.95, 38.69, 39.65, 39.8, 37.62, 39.21, 33.6, 36.17, 31.9, 35.61, 37.58, 35.81, 42.99, 35.06, 46.92, 44.59, 45.96, 41.26, 39.96, 42.97, 39.46, 63.14, 47.69, 42.33, 54.35, 36.82, 47.12, 49.35, 44.54, 50.61, 40.95, 49.15, 38.63, 37.23, 54.6, 38.91, 34.65, 37.28, 38.16, 37.17, 32.26, 35.64, 36.22, 35.21, 32.79, 35.68, 35.52, 36.47, 36.67, 31.2, 37.18, 36.41, 38.92, 31.91, 37.18, 36.86, 37.36, 46.75, 51.07, 39.71, 37.75, 40.25, 38.38, 41.22, 44.58, 38.6, 42.38, 32.91, 44.09, 37.64, 40.2, 37.6, 33.84, 39.46, 41.68, 45.46, 45.85, 47.27, 44.78, 43.44, 40.12, 40.76, 36.51, 42.37, 45.98, 38.7, 53.26, 55.16, 60.38, 69.46, 80.09, 84.96, 88.59, 91.81, 90.36, 92.88, 94.26, 93.58, 92.72, 92.77, 94.33, 93.24, 91.0, 90.54, 88.79, 84.6, 81.55, 74.88, 73.48, 68.36, 59.72, 56.05, 49.32, 52.46, 50.19, 52.3, 51.88, 61.84, 65.13, 74.38, 77.23, 84.78, 90.16, 90.3, 92.77, 94.23, 94.98, 95.09, 94.81, 93.69, 94.42, 90.76, 87.19, 84.06, 79.91, 73.44, 73.14, 75.2, 76.53, 80.75, 85.39, 86.89, 89.84, 91.73, 92.7, 94.2, 93.95, 94.37, 92.86, 93.29, 91.04, 88.32, 89.31, 84.86, 84.47, 84.41, 87.95, 91.01, 91.03, 92.17, 94.25, 94.18, 95.35, 94.62, 93.88, 91.25, 89.96, 86.25, 80.33, 72.86, 65.48, 57.81, 52.01, 44.99, 47.36, 43.23, 44.65, 39.55, 38.82, 39.83, 44.61, 55.53, 70.57, 83.78, 87.33, 91.26, 92.29, 93.48, 94.27, 93.08, 92.11, 90.54, 87.92, 81.52, 77.81, 79.05, 79.84, 85.15, 87.92, 88.57, 90.27, 88.77, 90.11, 91.16, 87.7, 87.33, 84.18, 79.92, 65.41, 62.4, 61.67, 65.09, 80.86, 87.66, 90.5, 91.63, 92.57, 92.9, 91.36, 90.93, 90.05, 84.98, 80.1, 83.71, 81.57, 76.83, 73.06, 66.91, 72.89, 83.09, 88.19, 90.47, 91.64, 92.72, 93.68, 93.59, 94.1, 93.22, 91.35, 90.26, 88.07, 84.74, 84.07, 88.18, 88.99, 88.11, 88.69, 89.14, 86.31, 82.67, 85.58, 86.99, 88.87, 85.71, 84.18, 77.34, 75.33, 82.81, 84.85, 84.07, 85.26, 87.97, 91.61, 94.1, 95.09, 95.22, 95.39, 94.44, 93.59, 91.74, 90.22, 81.11, 72.82, 70.11, 71.9, 74.63, 78.53, 79.88, 76.78, 82.39, 81.73, 78.3, 77.23, 77.81, 74.31, 68.16, 60.42, 59.33, 60.64, 65.97, 66.38, 70.62, 66.94, 67.56, 68.76, 70.68, 74.19, 71.21, 70.08, 68.94, 69.35, 63.53, 62.14, 62.05, 54.84, 54.98, 53.88, 56.08, 50.09, 50.74, 47.03, 44.22, 43.54, 43.1, 47.74, 48.32, 47.55, 45.33, 52.73, 54.96, 61.69, 81.33, 89.7, 93.82, 93.21, 95.09, 95.65, 96.56, 96.15, 96.21, 94.76, 93.91, 91.93, 89.95, 88.29, 84.39, 84.4, 88.73, 87.79, 88.1, 91.06, 93.05, 93.78, 94.97, 95.5, 93.77, 94.97, 95.26, 96.19, 96.37, 97.76, 97.08, 95.82, 94.47, 91.87, 91.32, 92.3, 89.21, 87.11, 89.2, 87.92, 84.58, 80.75, 83.29, 85.81, 87.63, 87.74, 91.7, 94.05, 94.57, 94.25, 93.05, 94.55, 94.61, 92.49, 93.47, 94.16, 94.13, 91.71, 93.66, 92.57, 91.86, 93.64, 93.91, 92.41, 93.75, 91.46, 93.16, 94.26, 95.03, 96.22, 96.4, 95.01, 95.09, 94.85, 93.35, 92.64, 93.0, 93.64, 94.57, 95.56, 94.6, 92.67, 90.92, 87.83, 88.67, 90.22, 92.87, 94.06, 94.16, 94.33, 92.91, 91.55, 92.02, 91.12, 92.22, 93.76, 95.87, 97.11, 95.32, 95.18, 96.12, 94.69, 94.16, 91.82]",70.08345309381237,
P48230,202,"[45.16, 63.35, 69.42, 66.57, 73.46, 78.85, 80.07, 80.78, 85.44, 87.35, 87.89, 88.99, 89.71, 90.91, 90.57, 91.41, 91.88, 90.55, 91.06, 90.27, 89.74, 88.98, 89.75, 89.31, 87.15, 84.76, 86.45, 83.7, 78.96, 81.39, 71.43, 72.05, 67.92, 69.35, 65.5, 56.9, 53.74, 52.73, 51.77, 50.28, 47.98, 51.75, 48.61, 48.18, 49.82, 47.83, 47.46, 50.97, 53.93, 53.5, 55.57, 57.78, 65.0, 69.26, 74.9, 83.09, 84.1, 86.7, 90.18, 89.01, 88.37, 88.7, 90.22, 89.16, 88.47, 86.74, 85.89, 82.76, 73.33, 65.29, 58.23, 50.16, 48.26, 46.76, 46.15, 48.71, 46.0, 49.41, 55.97, 54.96, 63.71, 64.29, 66.86, 71.29, 71.26, 78.8, 81.64, 83.57, 85.03, 86.77, 87.57, 89.27, 90.22, 92.07, 92.08, 93.05, 93.76, 92.17, 93.06, 93.82, 92.57, 90.82, 92.74, 92.23, 89.72, 89.56, 91.93, 91.42, 89.07, 90.19, 90.82, 88.94, 86.97, 89.5, 90.02, 86.62, 85.93, 85.85, 83.89, 84.91, 85.17, 85.67, 83.06, 84.03, 81.76, 85.25, 82.69, 84.42, 84.77, 82.98, 86.11, 81.09, 82.29, 82.06, 87.23, 87.53, 89.1, 88.78, 88.92, 87.25, 88.55, 87.23, 89.16, 86.15, 86.12, 86.1, 83.71, 81.68, 79.04, 80.4, 82.89, 85.49, 88.14, 90.01, 89.95, 88.63, 90.62, 92.23, 91.14, 91.08, 92.57, 92.58, 91.57, 92.81, 94.46, 93.29, 93.21, 94.46, 94.74, 94.25, 94.16, 95.16, 93.95, 93.74, 94.05, 92.08, 90.83, 92.91, 90.47, 87.44, 87.15, 87.98, 84.96, 79.28, 83.15, 80.16, 71.46, 59.97, 54.78, 45.87, 42.84, 41.73, 34.9, 41.69, 42.78, 36.0, 32.63, 36.0, 33.07, 29.14, 38.1, 40.02]",77.42361386138614,
P50213,366,"[33.68, 32.29, 28.83, 34.94, 33.47, 27.63, 27.99, 30.06, 28.15, 30.4, 33.33, 28.44, 31.85, 35.98, 33.12, 36.44, 30.53, 25.86, 32.89, 30.3, 30.37, 27.53, 30.91, 30.46, 47.62, 33.21, 47.77, 45.0, 59.1, 82.61, 91.3, 94.63, 98.09, 98.54, 98.58, 98.64, 97.97, 96.97, 94.6, 94.65, 95.4, 97.3, 97.13, 97.56, 97.77, 98.17, 98.39, 98.41, 98.61, 98.69, 98.58, 98.56, 98.76, 98.39, 98.13, 98.39, 98.04, 97.35, 97.57, 97.26, 97.58, 97.89, 98.37, 98.18, 98.14, 97.28, 93.11, 93.0, 89.13, 86.51, 89.09, 86.93, 85.52, 86.25, 87.53, 84.72, 86.48, 89.01, 92.02, 92.93, 94.24, 94.54, 96.21, 96.08, 95.98, 97.15, 97.91, 97.18, 95.92, 96.79, 97.21, 97.41, 98.14, 98.27, 98.64, 97.97, 97.21, 95.68, 93.11, 86.46, 75.37, 69.5, 58.79, 51.96, 50.83, 59.55, 66.56, 75.86, 85.16, 89.03, 90.71, 89.61, 91.08, 94.02, 93.74, 90.96, 92.79, 95.12, 95.19, 97.09, 97.43, 98.31, 98.47, 98.57, 98.0, 97.62, 97.19, 96.5, 96.28, 94.6, 91.51, 87.52, 90.78, 89.69, 92.83, 92.68, 95.08, 90.64, 89.91, 97.16, 97.52, 98.29, 98.59, 98.68, 98.81, 98.51, 98.16, 95.96, 93.73, 95.54, 95.25, 94.54, 92.04, 90.89, 87.91, 91.37, 92.7, 94.66, 96.6, 95.98, 95.81, 96.51, 96.92, 97.47, 96.9, 96.79, 95.24, 96.14, 97.11, 97.6, 98.45, 98.48, 98.52, 98.03, 98.06, 98.79, 98.53, 98.05, 98.7, 98.73, 98.42, 98.38, 98.74, 98.68, 97.53, 97.84, 98.47, 97.34, 95.03, 95.69, 96.55, 97.96, 97.12, 98.34, 98.81, 98.84, 98.85, 98.83, 98.5, 97.7, 96.91, 96.03, 97.41, 97.19, 97.28, 98.19, 98.07, 98.48, 98.48, 98.73, 98.84, 98.8, 98.64, 98.77, 98.79, 98.72, 98.5, 98.54, 98.4, 97.97, 96.6, 96.37, 94.39, 95.73, 98.27, 98.31, 98.64, 98.35, 98.57, 98.56, 98.47, 98.19, 97.71, 98.24, 98.44, 98.31, 98.15, 97.97, 97.32, 96.1, 96.33, 96.59, 96.85, 95.45, 95.55, 97.94, 98.37, 98.81, 98.89, 98.89, 98.7, 98.44, 97.56, 97.41, 98.38, 98.03, 96.3, 97.75, 98.12, 97.25, 96.97, 97.7, 97.78, 96.45, 95.94, 96.25, 95.11, 92.47, 94.01, 93.5, 94.46, 95.08, 96.39, 97.69, 98.22, 98.2, 98.36, 98.1, 95.92, 85.51, 86.37, 90.39, 97.15, 98.32, 98.43, 98.68, 97.44, 89.91, 90.35, 90.87, 90.81, 93.58, 94.11, 93.72, 95.68, 96.02, 96.49, 96.53, 97.82, 97.63, 97.46, 97.33, 96.95, 97.81, 97.68, 97.68, 98.56, 98.7, 98.29, 98.69, 98.68, 98.53, 98.29, 98.45, 98.31, 96.69, 95.75, 96.38, 95.29, 96.96, 96.74, 97.07, 97.99, 98.17, 97.94, 98.16, 98.7, 98.25, 98.14, 98.53, 98.23, 97.39, 97.61, 97.91, 96.75, 96.0, 95.54, 93.75, 94.68, 95.97, 96.23, 96.37, 94.97, 92.8, 93.67, 92.6, 94.82, 95.88, 97.42, 98.15, 98.26, 98.26, 98.34, 98.44, 98.71, 98.53, 98.54, 98.61, 98.65, 98.51, 98.37, 97.97, 97.54, 95.99, 93.66, 80.79]",90.49825136612021,
P52597,415,"[37.16, 33.69, 38.2, 39.05, 45.57, 38.49, 36.92, 44.82, 55.0, 66.67, 82.77, 86.06, 89.57, 89.98, 90.07, 88.31, 84.67, 85.14, 83.03, 81.93, 83.57, 82.94, 84.78, 86.65, 85.8, 86.3, 85.39, 85.42, 84.5, 83.38, 82.27, 81.53, 80.38, 79.62, 80.41, 78.98, 71.92, 70.0, 74.79, 73.2, 75.29, 79.83, 85.1, 84.38, 86.25, 84.61, 79.57, 72.56, 66.78, 68.87, 71.65, 76.28, 80.67, 79.42, 82.99, 88.16, 89.07, 89.37, 88.82, 87.38, 86.7, 82.94, 83.84, 85.1, 85.46, 85.66, 85.62, 87.02, 85.6, 85.73, 87.51, 87.96, 81.38, 84.77, 80.94, 81.81, 77.47, 74.07, 72.82, 78.51, 85.03, 85.8, 88.58, 88.06, 91.09, 88.89, 89.42, 84.34, 82.76, 78.96, 80.96, 81.05, 81.12, 77.77, 77.69, 76.66, 74.43, 68.57, 64.65, 59.84, 51.32, 49.4, 40.66, 43.41, 45.1, 46.75, 46.91, 47.98, 51.25, 60.09, 69.83, 78.95, 85.37, 85.62, 87.12, 85.3, 82.29, 83.21, 80.11, 75.99, 77.26, 77.43, 81.34, 82.42, 83.63, 84.82, 83.81, 84.48, 83.9, 82.69, 82.01, 76.27, 73.4, 79.48, 75.18, 79.12, 76.67, 59.98, 65.12, 70.57, 80.5, 79.51, 81.15, 73.85, 76.05, 68.95, 65.15, 66.97, 68.52, 68.98, 76.18, 74.87, 78.48, 84.4, 85.16, 86.14, 86.05, 84.44, 83.93, 79.7, 77.81, 79.87, 82.26, 82.45, 82.6, 83.38, 83.42, 83.24, 83.82, 82.79, 79.47, 83.01, 81.12, 82.21, 80.66, 80.53, 78.8, 79.9, 84.78, 85.96, 86.93, 85.95, 87.56, 84.23, 82.53, 69.99, 70.02, 63.65, 58.23, 62.54, 60.27, 57.85, 56.47, 57.16, 52.59, 45.61, 41.32, 37.93, 38.18, 35.44, 34.62, 35.08, 38.74, 44.7, 36.38, 42.26, 43.18, 45.31, 57.0, 57.23, 48.48, 52.82, 43.22, 35.0, 39.26, 37.45, 36.5, 34.55, 30.8, 30.88, 33.52, 30.51, 35.96, 36.4, 37.65, 36.42, 36.11, 37.03, 33.55, 38.57, 35.2, 40.85, 42.42, 39.61, 42.38, 42.42, 41.05, 43.74, 41.47, 40.99, 41.63, 38.04, 40.71, 37.35, 36.16, 34.58, 33.78, 34.57, 35.31, 29.98, 35.33, 38.81, 35.55, 41.13, 35.74, 38.06, 36.67, 44.91, 45.9, 43.06, 41.59, 52.12, 43.02, 45.07, 46.53, 41.12, 42.92, 36.73, 34.38, 36.12, 32.65, 31.68, 33.1, 30.07, 30.22, 32.06, 32.01, 29.22, 28.44, 35.27, 32.34, 33.89, 46.88, 46.22, 52.09, 55.52, 65.77, 73.13, 80.91, 84.38, 88.03, 89.36, 89.07, 87.51, 84.14, 83.92, 81.46, 81.38, 81.2, 79.78, 83.38, 85.74, 84.75, 86.14, 85.52, 86.24, 83.59, 84.04, 82.77, 78.7, 77.87, 82.1, 76.97, 82.01, 82.51, 82.34, 85.44, 85.26, 86.01, 81.62, 82.22, 79.63, 75.86, 77.63, 76.62, 75.51, 80.69, 81.46, 82.58, 88.18, 87.94, 88.56, 87.6, 87.41, 86.6, 83.86, 83.6, 86.3, 86.16, 85.7, 87.28, 86.54, 87.04, 86.19, 85.48, 84.82, 79.75, 85.23, 81.45, 80.61, 79.63, 74.79, 74.8, 79.86, 83.82, 84.86, 85.46, 87.93, 88.93, 87.51, 84.8, 80.84, 70.1, 66.03, 56.18, 46.51, 37.61, 38.63, 38.01, 32.97, 31.06, 29.74, 30.94, 31.2, 30.67, 35.54, 31.81, 32.54, 32.85, 32.52, 36.0, 39.94, 40.16, 36.68, 36.48, 34.18, 37.33, 34.12, 30.75, 38.65, 33.19, 37.94, 32.39, 35.74, 36.55, 32.29, 37.99, 37.5, 37.37, 36.13, 38.63, 39.77, 40.93, 39.94, 39.78, 41.64, 44.87, 48.55, 42.57, 46.2, 46.72, 45.86, 51.03, 44.97, 46.01]",64.64260240963856,
P55327,224,"[44.94, 43.2, 50.52, 51.65, 52.05, 55.25, 56.06, 55.77, 54.1, 64.9, 74.56, 76.87, 79.26, 77.56, 80.71, 71.38, 76.8, 72.93, 77.65, 73.8, 71.17, 69.14, 63.09, 69.08, 69.5, 62.16, 60.07, 59.99, 54.83, 46.81, 50.05, 49.79, 53.8, 47.52, 47.38, 46.04, 52.79, 53.26, 44.18, 48.5, 44.42, 48.41, 45.58, 44.47, 46.91, 38.61, 34.59, 41.6, 40.7, 38.85, 37.16, 35.16, 45.21, 37.04, 45.2, 41.85, 47.26, 34.38, 46.62, 43.77, 50.36, 53.57, 53.87, 49.93, 54.27, 50.58, 51.53, 46.82, 54.66, 58.14, 62.24, 79.51, 81.1, 83.69, 90.09, 86.64, 90.3, 91.55, 94.72, 93.52, 94.94, 95.67, 97.36, 96.87, 97.51, 98.49, 97.82, 97.69, 98.04, 98.34, 98.4, 98.23, 98.45, 97.74, 98.17, 98.51, 98.11, 97.22, 97.68, 97.99, 93.4, 95.28, 95.06, 91.15, 87.77, 90.5, 92.23, 89.66, 85.2, 87.42, 85.55, 81.27, 76.93, 74.77, 74.53, 73.88, 81.32, 83.09, 83.32, 85.88, 86.97, 89.56, 88.94, 88.33, 90.61, 90.89, 87.41, 88.24, 88.53, 81.27, 78.85, 75.28, 78.82, 72.15, 74.23, 63.18, 72.39, 72.43, 67.45, 62.28, 62.72, 69.25, 64.37, 58.73, 64.31, 55.51, 55.52, 61.58, 54.83, 54.54, 50.39, 57.83, 56.26, 54.29, 54.46, 57.14, 55.44, 57.02, 59.66, 64.06, 65.2, 70.32, 72.47, 76.15, 81.01, 82.25, 81.03, 81.25, 77.15, 78.62, 88.41, 84.82, 85.55, 84.08, 83.98, 85.59, 83.7, 84.19, 83.44, 83.28, 81.9, 73.85, 79.48, 64.96, 58.39, 60.87, 54.74, 56.28, 42.73, 42.38, 41.03, 44.59, 49.09, 45.33, 47.37, 50.67, 64.96, 63.97, 66.29, 64.57, 69.85, 70.76, 70.55, 66.99, 62.22, 57.81, 58.62, 54.14, 46.85, 46.17, 43.77, 41.63, 42.57, 45.39, 47.36, 38.31, 49.18, 44.69, 44.89, 42.0, 40.62, 39.64, 48.97, 52.41]",67.15392857142857,
P59539,299,"[49.44, 58.06, 68.75, 81.96, 84.0, 83.42, 86.98, 89.49, 89.38, 89.92, 90.96, 92.59, 92.7, 93.01, 94.67, 94.42, 94.21, 95.36, 95.05, 95.29, 95.68, 94.61, 94.77, 95.78, 95.07, 94.06, 93.77, 94.99, 94.27, 92.76, 92.17, 90.77, 90.73, 86.8, 89.76, 90.4, 90.14, 87.5, 86.85, 86.85, 88.39, 90.05, 89.96, 90.49, 92.12, 93.14, 93.44, 94.03, 94.27, 94.8, 95.23, 95.73, 95.44, 95.15, 94.47, 95.03, 92.92, 93.51, 94.13, 93.99, 91.37, 90.29, 91.16, 88.28, 85.61, 86.83, 84.45, 81.24, 78.58, 78.6, 74.67, 77.15, 71.78, 67.3, 60.01, 66.09, 75.25, 73.21, 76.41, 79.36, 77.89, 78.64, 83.64, 84.87, 84.69, 87.92, 90.18, 90.31, 90.48, 93.37, 92.46, 91.97, 93.59, 93.4, 93.02, 93.21, 95.22, 93.95, 93.71, 94.37, 94.72, 93.15, 92.58, 93.68, 93.01, 89.43, 92.2, 92.49, 89.19, 86.23, 89.03, 86.3, 88.11, 87.94, 90.66, 92.36, 92.1, 90.94, 92.23, 94.34, 93.39, 91.33, 93.52, 93.73, 92.23, 93.05, 94.75, 94.39, 94.0, 94.57, 95.35, 94.34, 93.55, 93.8, 91.05, 93.6, 93.39, 90.92, 90.96, 92.64, 92.42, 90.54, 91.06, 92.24, 90.81, 89.84, 87.55, 88.14, 86.42, 84.39, 81.16, 82.55, 82.23, 76.62, 75.8, 74.0, 64.9, 62.14, 68.76, 70.77, 77.86, 81.29, 84.31, 82.17, 81.75, 85.16, 87.68, 86.83, 86.33, 87.47, 87.9, 88.71, 86.31, 87.81, 90.45, 87.96, 88.55, 90.33, 91.48, 89.78, 90.56, 92.03, 91.64, 91.23, 92.69, 93.88, 94.26, 92.76, 93.5, 94.77, 93.41, 93.21, 93.94, 92.93, 89.85, 91.66, 92.45, 91.12, 88.51, 89.87, 89.26, 87.2, 85.99, 86.68, 84.49, 82.27, 84.87, 83.22, 81.76, 78.77, 79.37, 76.09, 68.15, 62.61, 58.3, 60.1, 64.57, 66.56, 71.97, 70.64, 73.61, 78.91, 79.92, 78.57, 79.42, 83.35, 81.55, 82.76, 85.95, 85.13, 84.98, 87.35, 88.62, 87.28, 89.21, 91.33, 91.97, 90.24, 92.36, 93.85, 92.07, 90.07, 92.46, 92.05, 88.47, 88.28, 89.37, 86.66, 83.24, 82.64, 81.13, 70.1, 65.35, 66.08, 58.53, 67.12, 76.83, 79.37, 84.27, 86.93, 85.61, 86.83, 89.82, 90.42, 88.85, 91.16, 92.11, 90.49, 90.49, 92.7, 91.45, 90.9, 92.75, 92.49, 91.47, 91.8, 90.81, 88.21, 87.94, 87.92, 84.58, 81.68, 82.96, 82.43, 84.56, 81.16, 85.61, 87.46, 85.53, 83.19, 86.79, 86.21, 83.08, 82.46, 83.06, 80.22, 77.62, 70.8, 53.62]",86.58090301003345,
P61201,443,"[36.72, 38.75, 38.59, 39.88, 38.11, 38.94, 34.57, 35.28, 34.49, 30.15, 36.47, 37.68, 32.05, 37.59, 33.57, 37.23, 39.35, 33.34, 37.33, 40.39, 35.7, 39.92, 41.53, 40.73, 43.15, 44.91, 47.43, 49.87, 63.75, 70.53, 75.49, 75.09, 76.47, 81.71, 80.03, 81.51, 83.69, 83.19, 81.21, 77.57, 80.63, 80.07, 73.77, 74.3, 77.75, 83.53, 81.06, 83.06, 81.97, 82.85, 83.28, 84.22, 83.56, 86.01, 84.33, 82.9, 82.61, 81.06, 81.62, 79.48, 75.59, 69.91, 75.26, 78.86, 82.05, 79.65, 82.11, 82.76, 84.53, 84.52, 85.19, 88.07, 86.31, 85.36, 86.36, 86.9, 85.74, 85.77, 86.45, 83.99, 84.54, 85.64, 82.52, 85.34, 83.4, 85.97, 85.83, 86.5, 85.52, 88.55, 87.49, 89.31, 87.96, 86.17, 87.26, 84.72, 84.79, 81.95, 76.21, 72.2, 75.24, 73.56, 75.31, 80.12, 76.18, 79.37, 80.98, 81.13, 80.96, 83.91, 83.16, 85.61, 82.82, 85.36, 86.41, 83.66, 83.93, 83.85, 83.95, 80.53, 82.98, 81.43, 77.85, 80.41, 79.51, 84.57, 84.01, 84.74, 85.04, 86.28, 86.06, 87.08, 87.4, 86.79, 86.3, 84.76, 84.62, 81.78, 80.14, 75.71, 74.6, 72.8, 71.5, 74.93, 77.79, 81.11, 80.61, 85.9, 86.77, 85.86, 86.59, 89.89, 89.65, 88.05, 89.53, 92.25, 89.91, 88.25, 92.09, 90.41, 88.6, 89.36, 89.78, 91.13, 92.13, 91.55, 90.92, 92.11, 92.84, 92.3, 90.94, 92.34, 91.19, 89.9, 90.45, 88.98, 87.11, 85.19, 84.77, 82.93, 76.69, 73.25, 75.23, 74.0, 75.9, 77.73, 77.8, 73.97, 76.36, 81.69, 85.73, 89.18, 89.01, 90.76, 92.3, 92.03, 93.17, 94.15, 94.42, 94.46, 95.01, 95.14, 93.63, 93.72, 94.57, 91.21, 90.32, 91.42, 88.85, 92.02, 90.66, 92.83, 92.37, 92.95, 93.41, 93.71, 93.24, 94.27, 92.49, 90.39, 90.37, 88.32, 86.94, 85.39, 76.42, 74.27, 80.22, 83.2, 85.66, 91.14, 94.98, 94.35, 94.39, 94.2, 95.76, 95.86, 95.75, 96.56, 96.79, 95.72, 95.41, 96.71, 95.7, 94.2, 95.69, 94.57, 92.92, 92.7, 92.65, 95.41, 95.85, 95.52, 95.91, 96.76, 96.49, 95.7, 97.37, 97.79, 96.58, 95.44, 97.11, 97.37, 96.42, 96.24, 97.51, 95.41, 95.15, 94.39, 93.37, 94.23, 94.09, 94.82, 95.8, 94.47, 95.18, 96.32, 96.27, 96.23, 97.07, 96.44, 95.55, 95.53, 96.27, 95.22, 94.78, 95.01, 93.63, 90.51, 86.57, 83.15, 89.5, 90.24, 91.34, 93.33, 92.13, 91.1, 92.58, 92.06, 92.62, 93.33, 94.47, 94.25, 91.68, 91.84, 93.04, 91.16, 89.81, 94.18, 93.62, 93.46, 94.68, 94.2, 94.54, 94.29, 94.67, 94.02, 93.94, 93.87, 92.12, 92.85, 91.75, 93.28, 91.87, 92.58, 94.11, 93.76, 92.72, 93.83, 93.81, 92.36, 90.24, 90.95, 89.14, 82.92, 85.18, 84.9, 87.34, 86.6, 89.2, 92.24, 91.5, 91.96, 93.46, 91.92, 92.85, 94.11, 91.79, 90.58, 92.52, 92.08, 92.34, 91.45, 92.16, 92.82, 93.37, 92.54, 91.43, 93.16, 93.8, 91.91, 91.61, 92.51, 92.23, 89.2, 90.03, 90.76, 89.84, 92.68, 94.56, 95.91, 95.02, 95.16, 94.49, 94.75, 94.51, 92.48, 90.34, 91.92, 88.44, 92.51, 94.3, 93.99, 93.66, 93.02, 94.69, 93.66, 93.62, 93.56, 94.79, 94.09, 92.51, 93.11, 92.93, 92.87, 91.42, 89.17, 88.83, 90.75, 90.31, 90.54, 92.75, 93.36, 93.65, 89.0, 90.18, 91.91, 93.18, 94.59, 94.07, 92.78, 90.86, 83.58, 67.68, 59.71, 55.87, 54.87, 56.83, 66.22, 73.43, 76.53, 81.65, 84.22, 86.3, 89.19, 90.81, 92.71, 93.1, 94.96, 94.71, 94.36, 94.83, 95.07, 93.96, 93.02, 93.47, 93.8, 92.46, 92.13, 93.12, 90.48, 86.79, 82.08, 67.63]",85.00160270880362,
P62699,121,"[60.63, 82.89, 84.68, 87.03, 92.61, 95.01, 95.41, 92.36, 92.24, 90.19, 90.48, 89.28, 94.94, 96.91, 98.47, 98.24, 98.67, 98.27, 98.31, 97.73, 96.68, 97.57, 97.51, 98.49, 98.38, 96.55, 95.96, 95.81, 97.7, 98.0, 97.79, 97.48, 96.56, 95.68, 96.3, 95.94, 92.69, 92.41, 94.67, 95.46, 97.57, 98.2, 98.54, 98.46, 98.75, 98.24, 97.45, 98.58, 98.34, 98.45, 98.44, 98.24, 98.36, 98.1, 98.05, 98.13, 97.34, 96.72, 95.51, 93.51, 91.33, 89.06, 88.94, 92.63, 94.48, 97.37, 98.05, 98.0, 98.49, 98.43, 98.71, 98.59, 98.66, 97.82, 97.29, 97.28, 97.6, 98.19, 98.24, 98.66, 98.41, 98.5, 98.62, 98.02, 97.86, 97.47, 96.5, 94.09, 94.03, 93.9, 95.2, 95.08, 95.11, 95.84, 96.69, 97.75, 97.65, 98.47, 98.79, 98.55, 98.75, 98.63, 98.04, 97.98, 98.47, 98.4, 98.16, 96.86, 95.56, 93.02, 85.9, 77.49, 68.09, 62.61, 62.5, 59.82, 57.33, 58.71, 61.98, 56.3, 49.25]",93.01785123966943,
P78314,561,"[36.46, 39.35, 49.27, 48.32, 45.5, 59.42, 70.42, 77.75, 84.17, 87.57, 90.76, 88.93, 84.05, 87.57, 92.2, 93.66, 93.91, 93.17, 92.78, 92.51, 92.28, 88.88, 86.38, 80.89, 78.8, 81.22, 90.54, 91.37, 94.65, 96.03, 96.1, 96.88, 96.78, 94.9, 94.71, 91.59, 80.34, 65.21, 58.65, 49.62, 56.2, 56.89, 57.95, 64.27, 80.31, 90.72, 91.19, 94.33, 95.56, 97.09, 97.51, 96.72, 95.5, 92.91, 89.13, 90.99, 94.48, 96.21, 96.91, 96.61, 96.11, 94.42, 94.03, 93.7, 92.83, 94.03, 93.42, 93.33, 94.77, 93.56, 94.05, 95.04, 94.41, 94.27, 93.46, 90.98, 90.57, 94.1, 93.71, 94.54, 96.51, 95.4, 96.77, 94.47, 91.46, 90.51, 89.98, 91.32, 86.62, 84.7, 84.41, 89.55, 92.09, 95.51, 96.55, 97.47, 96.78, 97.01, 94.62, 94.3, 91.49, 89.34, 88.3, 88.87, 88.7, 91.48, 93.87, 95.23, 95.66, 96.81, 96.08, 97.01, 93.78, 94.56, 93.69, 93.51, 95.38, 96.05, 95.2, 95.01, 97.31, 96.59, 94.36, 93.6, 95.36, 93.4, 91.33, 91.51, 91.45, 84.37, 68.26, 54.88, 50.91, 48.48, 43.47, 35.51, 30.61, 41.03, 36.08, 46.07, 31.29, 39.35, 35.72, 35.12, 43.32, 46.86, 55.47, 72.98, 77.41, 79.95, 85.78, 91.4, 92.41, 89.87, 90.32, 91.93, 94.3, 91.56, 90.38, 86.88, 81.14, 75.97, 65.26, 58.18, 49.86, 45.78, 35.09, 43.46, 45.3, 42.43, 47.0, 40.91, 47.34, 48.04, 46.48, 52.99, 44.74, 44.31, 50.64, 48.4, 44.02, 53.76, 48.99, 59.87, 57.64, 53.74, 53.8, 45.22, 49.83, 44.3, 43.52, 41.3, 40.73, 41.98, 45.4, 41.68, 42.96, 45.88, 50.06, 53.0, 62.58, 59.73, 67.45, 56.73, 78.79, 71.96, 66.02, 72.96, 69.76, 65.37, 67.47, 60.24, 51.43, 46.34, 56.62, 45.43, 47.75, 49.01, 48.7, 51.24, 51.37, 41.04, 47.18, 43.93, 50.68, 50.8, 39.28, 48.94, 44.57, 47.46, 50.62, 48.95, 57.48, 55.4, 58.48, 70.93, 66.91, 67.33, 66.5, 63.64, 53.74, 47.37, 36.08, 50.69, 45.27, 41.93, 42.91, 37.17, 40.99, 38.9, 41.23, 49.7, 43.0, 48.37, 48.56, 42.21, 39.35, 48.09, 48.24, 38.39, 49.43, 39.3, 45.77, 40.2, 38.79, 41.79, 37.11, 46.58, 40.98, 49.78, 48.71, 43.09, 48.55, 48.2, 43.01, 43.33, 50.51, 41.81, 42.27, 50.61, 48.88, 45.13, 38.31, 44.27, 47.29, 41.65, 44.65, 38.29, 44.95, 40.26, 45.03, 41.15, 49.25, 45.63, 40.92, 33.53, 37.37, 36.61, 32.39, 34.41, 33.96, 32.96, 37.46, 34.35, 42.22, 36.07, 41.15, 36.76, 36.17, 41.1, 36.98, 39.14, 37.12, 38.71, 35.54, 40.33, 41.72, 43.76, 40.06, 40.76, 41.79, 49.15, 47.94, 42.31, 45.22, 43.06, 47.81, 43.47, 51.65, 50.98, 38.56, 49.41, 42.05, 38.96, 37.07, 36.0, 45.65, 40.41, 39.09, 40.02, 42.7, 41.09, 41.52, 53.72, 46.19, 42.13, 43.18, 40.75, 49.16, 64.84, 54.96, 54.54, 59.31, 43.19, 47.73, 39.92, 43.83, 44.16, 37.17, 49.13, 36.74, 44.52, 43.79, 35.75, 41.94, 43.19, 54.35, 47.42, 41.78, 41.74, 42.34, 41.72, 46.5, 38.01, 41.39, 40.86, 38.13, 50.91, 57.48, 53.9, 46.87, 50.57, 52.74, 52.15, 64.66, 49.46, 40.7, 47.25, 46.19, 41.16, 49.05, 48.5, 53.24, 41.03, 37.39, 43.77, 41.06, 44.39, 39.73, 38.98, 38.65, 50.32, 40.76, 38.59, 45.44, 34.84, 35.54, 40.65, 36.8, 36.46, 48.16, 37.03, 43.65, 38.49, 45.59, 45.56, 55.33, 61.53, 51.4, 42.16, 40.8, 49.55, 40.86, 50.86, 38.17, 44.84, 41.37, 44.65, 44.69, 41.34, 39.02, 41.35, 37.85, 41.31, 36.44, 40.65, 41.35, 38.78, 38.44, 37.3, 41.71, 38.55, 44.78, 50.03, 54.33, 52.76, 55.51, 51.63, 57.64, 59.46, 63.01, 75.23, 82.84, 85.02, 86.66, 89.57, 94.09, 94.46, 94.52, 92.55, 92.42, 92.94, 91.79, 91.65, 92.51, 94.12, 95.38, 95.18, 94.89, 94.44, 95.26, 93.7, 92.58, 87.92, 87.99, 85.29, 87.42, 88.33, 90.64, 92.8, 93.0, 95.02, 95.22, 95.69, 96.9, 96.85, 96.32, 95.24, 93.7, 90.03, 83.18, 79.53, 74.68, 78.83, 89.56, 94.38, 95.57, 96.37, 96.87, 96.99, 96.68, 95.58, 93.7, 91.83, 90.24, 91.96, 93.19, 94.88, 94.75, 94.62, 94.91, 93.19, 94.46, 92.23, 91.63, 90.05, 90.29, 90.2, 92.66, 93.76, 94.17, 93.1, 82.44, 65.21, 78.34, 89.15, 93.22, 93.88, 92.92, 92.54, 92.54, 92.5, 92.02, 94.48, 93.77, 92.78, 93.88, 95.18, 94.21, 93.8, 93.98, 95.11, 95.0, 91.81, 87.97, 91.86, 91.2, 93.81, 95.46, 96.81, 96.13, 93.36, 92.41, 93.74, 93.8, 85.19, 78.59, 62.67, 60.8, 49.73, 31.84]",65.51725490196077,
P79522,188,"[43.82, 61.3, 62.74, 56.54, 67.91, 64.49, 64.1, 58.57, 52.1, 58.26, 59.09, 61.63, 52.43, 42.36, 51.9, 48.65, 46.42, 59.48, 51.85, 48.4, 64.22, 43.05, 53.07, 46.67, 44.3, 47.72, 50.72, 52.39, 54.21, 54.4, 50.17, 50.76, 55.16, 52.4, 50.28, 59.25, 64.23, 58.73, 54.67, 59.02, 60.61, 63.77, 72.63, 72.21, 71.48, 58.15, 66.9, 55.47, 54.66, 64.89, 51.41, 54.24, 57.42, 56.97, 48.79, 51.33, 51.1, 46.02, 54.64, 43.96, 45.75, 60.09, 46.17, 48.61, 51.76, 56.6, 60.88, 60.99, 61.03, 66.2, 63.59, 60.57, 59.42, 57.67, 55.52, 60.5, 66.81, 67.56, 69.71, 64.91, 59.87, 48.46, 52.8, 54.39, 52.7, 56.54, 58.0, 44.02, 49.95, 51.65, 50.45, 55.92, 51.34, 49.3, 49.39, 56.18, 54.8, 44.17, 54.99, 44.62, 58.41, 38.44, 49.04, 48.51, 40.74, 49.09, 53.23, 66.58, 66.02, 61.17, 66.7, 48.16, 57.64, 50.5, 52.88, 47.85, 48.9, 53.87, 58.92, 61.25, 55.24, 51.82, 49.11, 60.7, 56.36, 59.62, 58.22, 60.63, 58.35, 57.24, 62.58, 56.87, 60.14, 58.73, 59.93, 54.53, 56.0, 59.38, 58.84, 57.51, 60.23, 54.41, 54.19, 63.13, 59.5, 57.31, 57.66, 54.59, 58.49, 52.44, 53.84, 58.23, 67.08, 68.34, 72.33, 71.31, 81.19, 84.55, 90.33, 90.31, 92.01, 93.4, 93.18, 91.72, 89.66, 90.97, 91.25, 87.86, 88.72, 91.31, 92.21, 87.68, 83.94, 81.1, 85.48, 88.91, 88.23, 89.36, 88.23, 89.96, 79.66, 71.04, 68.03, 57.41, 55.54, 47.21, 57.23, 48.93]",60.46478723404255,
Q00688,224,"[38.55, 40.79, 50.6, 56.31, 61.13, 65.16, 68.28, 73.33, 69.65, 79.98, 78.68, 76.76, 76.63, 81.04, 79.3, 77.41, 81.18, 76.86, 77.15, 78.29, 85.1, 86.17, 88.44, 87.04, 87.42, 88.47, 87.79, 86.94, 86.31, 85.54, 83.61, 83.89, 81.15, 82.56, 80.12, 79.18, 85.3, 85.43, 82.97, 83.25, 82.31, 82.88, 83.53, 75.16, 82.01, 85.8, 86.23, 83.7, 84.53, 83.9, 85.52, 84.6, 83.23, 81.69, 86.4, 84.5, 85.22, 86.2, 87.27, 86.7, 87.49, 86.4, 85.89, 85.96, 84.15, 82.87, 81.39, 80.59, 74.27, 74.85, 70.9, 74.65, 67.94, 59.59, 52.16, 48.67, 41.16, 44.54, 39.6, 36.09, 38.79, 39.14, 43.09, 39.25, 40.06, 38.98, 36.11, 42.62, 36.74, 43.29, 39.22, 40.81, 36.96, 37.14, 37.34, 32.01, 32.82, 27.83, 30.67, 33.35, 34.54, 35.93, 32.22, 41.96, 40.51, 39.28, 51.19, 64.45, 71.39, 85.92, 89.05, 89.93, 91.3, 92.06, 91.35, 91.88, 90.54, 89.72, 90.06, 88.76, 84.01, 87.35, 90.31, 91.49, 91.54, 89.34, 89.73, 88.83, 91.26, 92.92, 92.75, 93.03, 92.01, 93.21, 92.75, 92.71, 93.15, 92.15, 90.45, 86.81, 86.68, 85.88, 89.05, 90.44, 89.25, 88.17, 89.12, 87.54, 81.38, 69.89, 62.77, 57.72, 56.65, 51.45, 54.19, 56.01, 53.35, 63.32, 70.49, 81.66, 87.46, 90.86, 91.4, 92.68, 91.91, 90.09, 84.41, 87.05, 86.41, 86.06, 89.17, 90.06, 89.28, 90.77, 92.4, 89.52, 89.06, 90.9, 90.75, 89.41, 88.98, 90.72, 91.4, 92.88, 91.19, 92.33, 94.0, 93.77, 94.24, 93.57, 93.58, 92.83, 92.84, 91.28, 89.58, 89.84, 90.11, 90.73, 89.07, 88.07, 88.23, 88.88, 88.94, 83.32, 87.31, 82.95, 86.66, 88.11, 88.87, 90.28, 89.9, 88.9, 90.94, 93.13, 94.03, 94.87, 93.91, 93.9, 93.35, 92.22, 91.66, 91.43, 91.75, 89.25]",77.39651785714285,
Q02127,395,"[68.55, 77.25, 78.1, 81.39, 81.59, 85.11, 85.55, 87.21, 85.02, 83.45, 83.16, 84.7, 79.01, 80.81, 81.3, 78.26, 79.97, 76.15, 78.7, 81.5, 83.09, 85.4, 86.54, 88.73, 87.76, 87.74, 90.25, 91.54, 87.89, 88.19, 88.62, 90.69, 93.3, 94.27, 94.56, 95.75, 95.88, 94.66, 94.92, 94.89, 94.55, 95.88, 95.36, 94.45, 94.14, 93.63, 93.51, 95.04, 96.1, 96.37, 97.07, 96.81, 96.76, 96.94, 97.06, 96.61, 96.31, 96.87, 98.0, 97.67, 96.11, 97.57, 97.49, 95.98, 91.49, 90.53, 90.33, 87.82, 88.27, 84.82, 87.2, 89.8, 93.04, 96.59, 96.86, 97.29, 98.06, 98.71, 98.61, 98.56, 98.46, 98.24, 97.22, 95.65, 97.5, 98.08, 98.77, 98.09, 98.78, 98.75, 98.85, 98.85, 98.81, 98.74, 98.18, 97.44, 98.28, 98.47, 97.95, 98.4, 98.4, 98.47, 98.28, 98.53, 97.52, 97.57, 98.42, 97.8, 96.14, 96.39, 97.17, 98.51, 98.46, 98.86, 98.89, 98.91, 98.88, 98.57, 98.52, 98.8, 98.61, 98.43, 98.25, 98.16, 97.51, 96.56, 95.62, 97.18, 96.97, 97.16, 96.78, 97.7, 98.31, 98.07, 97.49, 97.59, 96.14, 96.48, 98.06, 97.52, 98.46, 98.46, 98.63, 98.28, 97.91, 97.4, 96.36, 96.13, 97.56, 98.47, 98.5, 98.58, 98.77, 98.63, 98.76, 98.81, 98.65, 98.65, 98.54, 98.46, 97.96, 98.17, 96.83, 96.18, 97.21, 98.31, 98.33, 96.95, 98.15, 98.28, 97.93, 97.25, 97.55, 98.25, 98.53, 98.55, 98.79, 98.85, 98.87, 98.9, 98.85, 98.15, 97.49, 97.47, 93.51, 90.81, 92.84, 91.06, 95.47, 95.95, 97.73, 98.16, 98.43, 98.76, 98.27, 98.38, 98.54, 98.36, 96.95, 97.69, 97.97, 97.32, 95.91, 96.92, 97.73, 98.03, 98.73, 98.78, 98.94, 98.84, 98.72, 98.47, 98.23, 96.41, 95.99, 96.03, 91.93, 87.91, 90.91, 95.48, 96.41, 95.43, 97.18, 98.16, 97.28, 98.29, 98.06, 97.93, 98.69, 98.68, 98.33, 98.6, 98.75, 98.59, 98.39, 98.62, 98.14, 97.35, 97.27, 96.93, 95.45, 94.5, 93.46, 78.53, 63.55, 66.84, 73.48, 89.49, 96.97, 98.0, 98.73, 98.91, 98.87, 98.87, 98.81, 98.31, 98.2, 97.56, 97.91, 98.1, 98.24, 98.4, 98.57, 98.77, 98.68, 98.63, 98.79, 98.74, 98.56, 98.77, 98.61, 98.34, 98.36, 98.44, 97.82, 98.47, 98.59, 98.8, 98.91, 98.94, 98.86, 98.37, 98.33, 98.34, 98.33, 97.66, 97.25, 97.33, 95.42, 93.37, 94.29, 96.96, 96.59, 93.35, 94.83, 96.54, 96.68, 96.3, 97.81, 97.18, 97.7, 98.34, 98.68, 98.62, 98.35, 98.08, 98.32, 98.46, 98.53, 98.28, 98.52, 98.7, 98.88, 98.73, 98.82, 98.91, 98.79, 98.8, 98.84, 98.76, 98.59, 98.71, 98.5, 97.7, 97.55, 97.38, 98.5, 98.6, 98.94, 98.94, 98.89, 98.74, 98.13, 98.18, 98.78, 98.21, 98.66, 98.69, 98.82, 98.84, 98.89, 98.87, 98.81, 98.91, 98.9, 98.75, 98.84, 98.78, 98.9, 98.87, 98.94, 98.92, 98.9, 98.6, 98.29, 98.44, 98.26, 97.64, 96.72, 97.18, 96.66, 96.01, 96.2, 96.3, 97.17, 97.72, 96.88, 97.33, 98.53, 98.49, 98.04, 98.58, 98.79, 98.64, 98.51, 98.76, 98.72, 98.23, 98.28, 98.02, 97.59, 98.08, 97.36, 97.99, 98.59, 98.18, 97.82, 98.44, 98.6, 98.49, 98.3, 98.22, 98.02, 92.0, 66.99]",95.91167088607595,
Q04828,323,"[29.55, 41.78, 44.8, 71.15, 86.06, 95.84, 97.79, 98.38, 98.48, 98.86, 98.68, 98.74, 98.41, 98.6, 98.5, 98.76, 98.64, 98.67, 98.75, 98.83, 98.85, 98.64, 98.66, 97.93, 93.87, 91.99, 90.8, 93.37, 94.84, 95.66, 93.01, 95.82, 97.45, 98.21, 98.55, 98.01, 98.53, 98.77, 98.71, 98.5, 98.65, 98.52, 97.88, 97.79, 97.47, 98.35, 98.46, 98.85, 98.91, 98.92, 98.72, 98.65, 98.36, 97.62, 97.89, 96.96, 98.39, 98.8, 98.69, 98.72, 98.82, 98.82, 98.79, 98.83, 98.85, 98.82, 98.77, 98.66, 98.65, 98.66, 98.23, 97.91, 97.4, 97.95, 98.19, 98.6, 97.69, 97.31, 98.69, 98.85, 98.93, 98.96, 98.9, 98.93, 98.89, 98.79, 98.58, 98.37, 98.72, 98.84, 98.73, 98.79, 98.77, 98.8, 98.91, 98.82, 98.73, 98.83, 98.86, 98.83, 98.7, 98.85, 98.86, 98.81, 98.67, 98.74, 98.79, 98.75, 98.71, 98.89, 98.93, 98.94, 98.96, 98.94, 98.96, 98.92, 98.87, 98.78, 98.66, 98.64, 98.73, 98.67, 98.37, 98.29, 96.31, 94.31, 95.63, 95.49, 96.19, 97.56, 97.34, 95.92, 96.59, 96.03, 94.18, 95.38, 97.39, 98.21, 98.34, 98.29, 97.94, 98.39, 98.43, 98.71, 98.75, 98.71, 98.9, 98.92, 98.87, 98.9, 98.87, 98.91, 98.87, 98.9, 98.87, 98.82, 98.8, 98.69, 98.84, 98.91, 98.89, 98.95, 98.95, 98.95, 98.96, 98.94, 98.86, 98.84, 98.71, 98.68, 98.62, 98.8, 98.88, 98.71, 98.64, 98.83, 98.77, 98.61, 98.4, 98.36, 98.46, 98.77, 98.8, 98.84, 98.83, 98.92, 98.93, 98.94, 98.95, 98.95, 98.92, 98.89, 98.9, 98.9, 98.84, 98.87, 98.82, 98.56, 98.77, 98.65, 98.71, 98.82, 98.84, 98.78, 98.83, 98.87, 98.72, 98.73, 98.73, 98.73, 98.91, 98.91, 98.93, 98.96, 98.94, 98.88, 98.62, 98.83, 98.8, 98.4, 97.87, 96.72, 97.1, 96.1, 95.9, 94.71, 96.03, 97.75, 96.91, 96.35, 97.37, 97.65, 98.13, 98.58, 98.79, 98.69, 98.67, 98.72, 98.71, 98.81, 98.84, 98.83, 98.81, 98.82, 98.82, 98.69, 98.69, 98.53, 98.52, 98.46, 98.77, 98.83, 98.87, 98.86, 98.9, 98.92, 98.9, 98.84, 98.93, 98.92, 98.74, 98.72, 98.68, 98.49, 98.88, 98.9, 98.89, 98.86, 98.73, 98.25, 97.04, 97.01, 97.74, 98.15, 98.23, 98.41, 98.44, 98.32, 98.49, 98.42, 97.83, 98.04, 98.41, 97.82, 97.58, 98.51, 98.58, 98.74, 98.74, 98.49, 98.71, 98.83, 98.87, 98.68, 98.75, 98.86, 98.76, 98.58, 98.8, 98.72, 98.42, 97.85, 98.42, 98.63, 98.61, 98.4, 97.74, 96.9, 95.29, 96.18, 97.41, 96.91, 95.24, 96.81, 95.71, 97.87, 98.53, 98.32, 98.19, 96.17, 95.44, 93.96, 94.52]",97.5276160990712,
Q07654,94,"[56.46, 60.96, 58.44, 68.55, 55.95, 60.62, 67.58, 65.61, 64.16, 63.31, 72.78, 74.51, 75.24, 76.88, 77.79, 81.35, 83.37, 87.05, 88.17, 90.0, 89.63, 88.88, 90.63, 88.09, 86.6, 86.69, 85.63, 82.97, 80.64, 79.47, 68.89, 62.61, 59.16, 58.48, 56.47, 51.67, 50.43, 46.79, 55.16, 54.41, 53.61, 63.61, 64.6, 77.22, 83.8, 92.0, 90.76, 91.65, 92.6, 93.99, 93.81, 93.79, 94.73, 94.83, 96.25, 95.98, 93.92, 93.72, 91.32, 91.08, 94.53, 96.01, 95.78, 96.17, 96.5, 96.88, 94.57, 94.82, 93.09, 91.91, 94.47, 94.83, 96.2, 95.18, 95.04, 94.65, 94.29, 94.22, 93.43, 94.7, 95.92, 96.01, 97.22, 96.57, 95.16, 92.6, 87.13, 73.7, 59.98, 53.5, 48.54, 52.2, 48.07, 43.32]",80.13340425531914,
Q11203,375,"[68.1, 86.05, 87.2, 87.44, 89.47, 91.82, 92.09, 92.33, 92.71, 93.88, 93.8, 93.92, 93.22, 94.68, 93.76, 93.39, 94.43, 94.12, 93.27, 93.56, 92.75, 92.88, 90.92, 89.83, 89.13, 85.77, 81.37, 80.64, 74.95, 72.08, 63.92, 50.9, 51.05, 44.11, 35.22, 36.75, 42.33, 37.3, 30.45, 41.0, 34.72, 40.57, 46.86, 50.29, 65.71, 74.72, 74.41, 74.92, 72.59, 75.13, 78.12, 81.81, 81.22, 86.95, 89.25, 90.47, 92.7, 93.27, 89.65, 92.26, 93.71, 94.95, 94.32, 93.37, 91.56, 91.24, 81.33, 72.69, 79.07, 81.66, 86.54, 88.72, 90.75, 92.06, 91.78, 94.1, 93.43, 93.61, 90.24, 90.17, 90.54, 88.64, 84.72, 84.44, 93.23, 96.13, 95.59, 95.27, 93.35, 94.56, 95.1, 94.36, 93.45, 94.14, 95.08, 93.46, 92.92, 94.47, 94.41, 92.16, 89.85, 92.14, 79.87, 70.04, 80.83, 91.38, 94.17, 97.13, 98.16, 97.35, 95.43, 92.69, 92.95, 92.81, 89.59, 89.72, 87.93, 86.96, 87.93, 91.97, 92.16, 90.27, 93.88, 95.38, 95.88, 95.98, 95.83, 95.52, 95.57, 94.57, 94.84, 95.8, 94.8, 96.5, 96.91, 97.78, 97.48, 97.68, 98.22, 98.02, 97.22, 97.8, 97.59, 95.89, 96.51, 96.02, 96.6, 97.42, 95.99, 95.93, 96.6, 97.25, 94.14, 96.53, 97.21, 95.2, 96.77, 97.28, 98.37, 98.77, 98.87, 98.89, 98.83, 98.09, 97.35, 96.63, 96.18, 95.66, 97.72, 95.46, 95.1, 96.56, 98.08, 98.57, 98.64, 98.58, 98.53, 98.8, 98.62, 98.05, 98.41, 98.18, 98.66, 98.81, 98.89, 98.71, 98.52, 97.37, 96.99, 97.52, 97.01, 97.2, 95.97, 96.14, 97.94, 98.14, 98.59, 98.57, 98.33, 98.23, 97.37, 97.84, 98.41, 98.58, 98.71, 98.7, 98.84, 98.39, 97.56, 97.18, 94.94, 95.71, 97.2, 96.2, 93.81, 94.44, 94.13, 93.86, 94.17, 95.8, 94.13, 90.99, 90.6, 97.55, 98.37, 98.41, 98.78, 98.75, 98.53, 97.28, 95.09, 93.95, 93.99, 95.19, 96.93, 97.24, 96.71, 97.44, 97.82, 97.49, 97.08, 97.14, 97.66, 97.59, 96.05, 95.39, 93.95, 93.17, 89.72, 77.49, 80.98, 85.24, 83.57, 89.7, 85.48, 89.52, 91.87, 95.08, 94.89, 94.45, 94.17, 96.45, 96.64, 97.12, 96.58, 97.46, 97.31, 97.75, 98.46, 98.56, 98.54, 98.58, 97.4, 97.21, 95.68, 97.44, 97.22, 95.18, 95.73, 97.07, 96.48, 94.94, 94.47, 96.32, 96.63, 95.16, 95.39, 93.48, 90.51, 89.62, 87.06, 85.19, 88.73, 87.27, 87.07, 86.68, 88.62, 93.69, 94.75, 95.95, 95.55, 97.37, 97.84, 97.88, 98.54, 98.78, 98.52, 98.07, 98.29, 98.26, 97.71, 96.68, 95.87, 97.54, 96.92, 97.54, 98.44, 98.67, 98.82, 98.67, 97.98, 97.16, 91.0, 89.24, 88.54, 87.84, 90.98, 92.25, 92.16, 94.7, 94.07, 95.16, 94.95, 96.65, 96.82, 95.9, 93.79, 93.56, 93.88, 94.76, 92.98, 90.81, 89.36, 85.57, 79.62, 80.57, 79.88, 80.52, 83.17, 87.05, 90.08, 88.9, 90.32, 93.09, 94.99, 94.12, 94.99, 96.68, 97.68, 96.5, 96.78, 97.36, 96.83, 96.03, 95.43, 94.62, 95.92, 97.55, 97.69, 98.06, 98.03, 97.11, 95.57, 92.97, 93.27]",91.48557333333335,
Q13202,625,"[37.1, 36.57, 40.03, 41.9, 54.81, 60.27, 68.97, 77.95, 87.35, 89.82, 91.83, 93.07, 93.13, 93.7, 93.42, 93.36, 92.82, 92.17, 90.56, 89.06, 87.63, 76.57, 65.91, 59.07, 67.84, 75.88, 87.5, 88.96, 92.38, 93.27, 93.23, 92.95, 92.52, 85.53, 80.32, 79.81, 85.9, 88.23, 82.98, 82.31, 90.78, 93.22, 93.08, 90.08, 84.65, 90.49, 88.91, 90.5, 89.07, 80.92, 78.23, 80.17, 81.8, 80.82, 82.75, 86.75, 85.95, 84.06, 85.24, 86.03, 86.27, 82.88, 82.1, 80.14, 80.95, 81.61, 74.76, 74.98, 74.79, 74.11, 61.62, 48.23, 40.09, 48.57, 43.08, 41.66, 47.08, 49.51, 42.23, 39.37, 48.1, 53.42, 58.35, 70.23, 85.36, 90.85, 93.44, 94.34, 94.72, 92.69, 92.31, 91.55, 88.55, 82.56, 79.47, 78.92, 79.65, 79.9, 82.47, 84.9, 84.47, 84.08, 88.39, 89.78, 90.62, 90.05, 89.85, 90.65, 91.21, 89.11, 89.19, 89.52, 88.58, 85.33, 83.39, 85.29, 82.45, 88.22, 91.68, 92.77, 93.29, 94.51, 92.37, 88.8, 92.71, 94.77, 90.62, 92.63, 94.72, 92.87, 91.55, 91.98, 92.56, 89.04, 90.04, 92.16, 90.83, 85.02, 75.43, 57.35, 56.64, 50.24, 40.66, 36.81, 38.84, 31.01, 39.5, 33.38, 39.58, 33.86, 51.18, 34.15, 38.17, 39.1, 36.41, 45.7, 46.28, 50.49, 65.11, 83.94, 95.94, 97.64, 97.97, 98.26, 97.87, 97.4, 98.11, 98.61, 98.69, 98.61, 97.29, 96.69, 96.88, 96.47, 97.17, 97.62, 97.0, 96.68, 97.2, 97.2, 96.48, 97.61, 96.75, 96.8, 96.86, 96.58, 98.15, 97.7, 98.66, 98.75, 98.79, 98.54, 98.4, 92.26, 87.76, 87.82, 91.48, 95.66, 97.44, 96.77, 96.88, 96.57, 97.44, 95.58, 96.4, 96.92, 97.92, 98.63, 98.5, 98.45, 98.2, 95.05, 89.82, 85.24, 86.41, 74.28, 74.78, 73.1, 81.81, 86.11, 94.31, 94.23, 96.37, 98.23, 98.19, 97.68, 98.16, 98.65, 98.52, 98.33, 98.64, 98.65, 98.27, 97.83, 97.82, 97.61, 97.55, 96.78, 96.8, 97.51, 98.27, 98.73, 98.68, 98.79, 98.56, 96.69, 92.44, 91.33, 95.78, 94.95, 96.38, 98.4, 98.5, 98.47, 98.6, 98.83, 98.76, 98.79, 98.75, 98.73, 98.59, 98.42, 97.77, 96.6, 95.59, 95.38, 96.7, 96.41, 95.23, 95.21, 97.23, 98.28, 97.75, 97.06, 97.37, 97.95, 96.62, 95.15, 96.32, 95.27, 92.54, 92.35, 95.59, 93.29, 94.29, 85.16, 82.97, 87.43, 94.24, 93.33, 89.08, 95.43, 96.97, 94.53, 94.14, 97.48, 96.68, 94.52, 94.36, 95.14, 93.5, 93.12, 91.42, 90.23, 89.13, 87.95, 82.46, 62.21, 51.48, 51.44, 42.39, 39.29, 44.85, 42.56, 43.11, 42.81, 53.09, 43.79, 59.42, 61.0, 60.1, 50.8, 45.66, 45.29, 45.01, 41.44, 50.49, 44.47, 49.71, 44.58, 44.89, 46.7, 48.94, 54.21, 47.0, 41.76, 38.15, 40.05, 37.12, 37.06, 39.46, 37.69, 37.35, 39.94, 36.4, 38.95, 38.22, 39.71, 36.61, 37.49, 36.88, 39.47, 40.64, 40.22, 38.75, 35.74, 43.04, 59.46, 55.15, 50.65, 58.07, 51.57, 45.5, 49.56, 47.22, 38.99, 42.51, 43.64, 45.74, 40.14, 40.16, 43.07, 42.96, 43.88, 42.35, 42.76, 39.55, 41.54, 42.82, 44.61, 51.02, 56.84, 56.8, 53.95, 57.28, 53.28, 53.38, 44.97, 56.08, 51.44, 45.91, 40.46, 38.71, 40.38, 46.11, 41.78, 45.61, 44.63, 42.29, 39.98, 43.79, 37.94, 36.36, 41.27, 38.13, 39.66, 37.9, 44.56, 39.55, 38.68, 54.85, 38.8, 45.88, 51.28, 43.27, 44.38, 40.52, 39.03, 38.66, 42.24, 39.64, 37.24, 34.69, 39.45, 39.97, 37.97, 41.09, 47.15, 40.38, 39.1, 39.09, 38.19, 37.97, 37.52, 39.1, 37.06, 40.81, 51.98, 42.35, 52.99, 42.25, 50.99, 54.25, 41.5, 42.02, 45.25, 49.98, 39.59, 40.32, 40.16, 47.3, 40.54, 51.16, 40.87, 42.02, 47.92, 44.59, 46.01, 43.36, 52.2, 42.1, 44.69, 40.33, 50.4, 39.9, 40.99, 35.84, 46.14, 38.71, 35.82, 37.38, 38.37, 33.72, 39.61, 31.64, 38.2, 34.61, 36.78, 37.84, 33.53, 37.3, 37.33, 33.3, 40.89, 37.47, 38.85, 38.05, 39.3, 37.44, 34.5, 37.84, 32.58, 35.42, 39.96, 34.02, 35.05, 41.44, 40.35, 44.13, 37.77, 38.44, 45.61, 39.36, 41.49, 41.51, 38.17, 33.66, 35.63, 35.7, 48.38, 41.19, 33.08, 37.56, 33.31, 38.68, 40.16, 35.26, 40.72, 32.73, 42.91, 39.56, 36.77, 38.79, 29.78, 31.98, 30.41, 34.82, 44.2, 35.09, 36.23, 39.09, 37.94, 35.7, 39.42, 36.4, 35.3, 39.26, 38.12, 33.78, 37.1, 44.23, 36.12, 36.38, 36.04, 35.4, 39.12, 37.4, 50.79, 38.98, 48.84, 41.55, 40.16, 36.15, 41.02, 32.49, 38.91, 31.76, 33.08, 33.5, 31.18, 36.17, 30.44, 35.48, 30.62, 34.91, 38.79, 32.74, 38.14, 35.92, 33.19, 39.0, 29.12, 34.16, 34.29, 27.83, 31.64, 33.9, 33.2, 29.82, 27.15, 36.55, 32.05, 35.4, 34.63, 39.77, 37.55, 38.9, 35.47, 36.59, 36.27, 40.52, 39.28, 41.5, 40.32, 36.07, 34.06, 40.23, 33.45, 35.03, 32.23, 36.99, 33.94, 34.68, 32.22, 34.39, 39.34, 36.0, 36.93, 39.52, 36.77, 38.24, 36.02, 38.4, 38.42, 34.48, 37.35, 34.15, 37.59, 44.44, 43.53, 51.0, 50.96, 45.94, 50.15, 56.92]",62.707344000000006,
Q13434,485,"[53.17, 51.65, 44.98, 47.4, 43.53, 44.77, 56.02, 42.28, 47.5, 42.21, 45.92, 42.73, 40.17, 45.76, 39.0, 45.68, 36.73, 44.0, 38.35, 43.22, 41.48, 41.37, 43.72, 41.2, 47.69, 40.71, 46.62, 43.02, 41.68, 51.28, 52.36, 64.72, 54.65, 52.92, 55.6, 50.29, 44.83, 54.32, 43.93, 47.02, 46.87, 43.91, 61.6, 45.62, 46.48, 47.07, 44.32, 44.53, 53.7, 45.97, 46.27, 55.16, 54.31, 48.97, 56.49, 49.76, 45.06, 51.04, 45.76, 44.6, 46.91, 47.92, 47.58, 51.12, 45.71, 48.97, 48.4, 48.03, 45.39, 49.03, 42.95, 46.68, 51.0, 42.54, 42.37, 44.59, 47.52, 45.4, 48.65, 39.7, 41.79, 42.22, 37.68, 40.34, 41.96, 49.97, 50.77, 54.54, 59.27, 79.69, 78.9, 77.26, 73.45, 78.48, 83.44, 85.93, 86.59, 83.82, 86.62, 82.74, 80.6, 82.26, 86.88, 86.85, 84.36, 78.81, 77.43, 77.97, 81.22, 83.09, 85.58, 83.53, 83.5, 85.63, 70.28, 66.83, 62.09, 54.98, 51.04, 55.73, 44.66, 54.86, 69.52, 71.6, 76.46, 78.56, 75.56, 79.07, 77.51, 72.05, 74.96, 76.98, 82.95, 79.54, 70.06, 71.17, 72.65, 68.04, 75.31, 66.0, 72.22, 73.64, 80.51, 66.9, 52.89, 46.67, 40.12, 34.47, 33.06, 36.08, 34.63, 34.65, 34.81, 37.53, 39.32, 35.89, 43.58, 31.74, 34.95, 41.39, 39.42, 36.42, 37.56, 34.54, 35.42, 41.02, 38.83, 43.65, 38.53, 42.32, 40.73, 45.38, 42.26, 41.66, 40.03, 30.63, 43.36, 30.64, 41.02, 34.32, 31.22, 38.24, 34.3, 37.78, 32.63, 39.0, 37.96, 33.37, 40.22, 34.59, 32.86, 35.44, 29.0, 36.1, 29.68, 34.41, 36.48, 39.32, 48.53, 52.15, 65.01, 64.87, 61.65, 60.99, 65.0, 64.24, 61.01, 68.37, 62.31, 67.47, 54.48, 60.18, 58.1, 61.65, 52.18, 45.86, 43.32, 43.24, 39.78, 38.39, 30.91, 36.31, 36.83, 38.6, 36.45, 35.53, 43.05, 36.1, 44.18, 38.71, 36.2, 42.25, 39.37, 41.66, 47.15, 48.16, 47.84, 42.44, 46.53, 52.54, 51.01, 55.53, 58.69, 57.94, 60.13, 67.28, 75.85, 80.93, 84.32, 81.24, 82.04, 82.08, 80.7, 79.4, 75.18, 80.22, 83.08, 81.11, 77.51, 75.85, 73.08, 77.83, 82.1, 84.61, 80.61, 81.42, 84.15, 84.32, 86.62, 88.27, 90.45, 88.33, 85.98, 88.6, 86.45, 85.39, 86.69, 85.17, 86.75, 86.05, 84.26, 80.2, 87.75, 89.7, 91.21, 89.67, 91.32, 92.49, 93.75, 93.0, 92.25, 95.28, 94.78, 94.72, 94.22, 96.09, 94.25, 93.59, 94.4, 94.12, 92.88, 93.17, 91.71, 90.27, 92.08, 91.57, 91.61, 91.38, 92.26, 90.99, 91.04, 90.64, 91.6, 93.23, 94.19, 94.64, 91.65, 92.16, 92.42, 91.3, 93.52, 93.72, 91.6, 89.46, 89.63, 88.45, 85.01, 86.39, 85.58, 85.74, 86.69, 89.89, 93.04, 93.54, 93.32, 93.02, 92.7, 89.47, 88.32, 91.35, 90.88, 92.49, 93.09, 94.22, 93.94, 93.37, 93.46, 94.04, 92.83, 92.36, 93.32, 92.8, 90.25, 88.65, 88.83, 83.79, 81.45, 81.19, 84.45, 83.8, 84.75, 88.65, 89.61, 89.26, 91.74, 92.9, 90.47, 90.2, 92.69, 89.82, 91.86, 90.23, 88.7, 84.78, 85.06, 91.37, 91.44, 93.14, 92.72, 91.1, 92.05, 93.36, 91.93, 87.44, 88.94, 89.43, 91.62, 90.26, 91.63, 92.13, 92.83, 92.04, 90.79, 92.19, 93.1, 90.97, 89.7, 91.83, 90.87, 86.93, 86.88, 87.53, 87.19, 87.06, 85.52, 84.15, 80.13, 80.6, 78.87, 75.22, 71.84, 68.6, 72.27, 80.98, 81.81, 78.94, 71.77, 73.91, 69.41, 76.36, 80.43, 75.49, 84.05, 83.23, 83.98, 78.11, 72.95, 68.61, 65.62, 65.43, 65.71, 60.78, 59.54, 50.08, 50.92, 40.02, 36.17, 35.16, 37.91, 37.97, 39.73, 35.51, 42.25, 43.4, 40.61, 44.29, 35.98, 36.78, 47.38, 37.82, 40.14, 39.49, 39.39, 35.69, 40.28, 39.9, 36.98, 39.33, 46.38, 38.03, 36.44, 37.96, 34.31, 34.27, 36.26, 36.54, 37.69, 40.98, 40.27, 48.15, 45.28, 42.79, 38.68, 36.9, 36.04, 40.12, 40.58, 40.63, 40.19, 44.48, 43.19, 38.56, 43.33, 45.59, 51.47]",64.10573195876289,
Q13651,578,"[56.73, 57.25, 70.49, 68.81, 72.72, 80.01, 80.94, 80.54, 81.65, 81.21, 81.24, 79.83, 79.41, 73.33, 68.43, 61.72, 59.65, 50.8, 51.27, 45.84, 40.92, 42.65, 53.68, 63.03, 81.7, 91.56, 94.94, 96.0, 96.9, 97.03, 97.81, 98.35, 98.37, 98.06, 97.58, 97.89, 97.66, 97.71, 97.71, 97.61, 97.89, 97.93, 98.4, 98.26, 97.93, 97.32, 96.47, 95.67, 93.36, 88.29, 88.42, 89.63, 90.75, 91.36, 93.07, 95.4, 97.14, 97.36, 97.92, 97.71, 97.4, 97.32, 97.0, 94.09, 92.49, 92.55, 88.32, 93.59, 96.05, 94.85, 94.38, 94.44, 89.97, 86.71, 89.12, 91.08, 91.87, 94.28, 96.08, 97.18, 97.27, 97.25, 97.37, 97.13, 96.22, 96.09, 96.98, 96.88, 96.13, 97.31, 96.84, 96.2, 95.16, 95.69, 96.38, 97.98, 97.63, 97.87, 97.78, 98.0, 97.07, 96.65, 95.23, 92.96, 89.18, 89.47, 91.33, 93.35, 95.17, 96.01, 97.5, 97.96, 97.82, 97.93, 96.26, 96.18, 96.71, 97.89, 97.33, 96.89, 96.25, 96.45, 97.9, 98.28, 98.43, 98.25, 97.94, 96.85, 96.74, 97.59, 96.72, 96.2, 93.78, 89.89, 86.36, 82.33, 83.61, 89.9, 92.88, 94.82, 96.14, 97.46, 98.18, 97.59, 97.49, 97.38, 96.64, 95.95, 94.35, 93.41, 95.47, 95.31, 92.28, 92.31, 95.38, 96.14, 97.22, 96.57, 96.44, 96.91, 96.92, 96.23, 96.17, 96.94, 97.99, 97.85, 98.28, 97.79, 97.21, 96.62, 94.49, 93.15, 90.4, 89.24, 84.32, 79.46, 80.98, 83.69, 89.14, 90.26, 92.49, 94.81, 95.19, 96.48, 97.01, 96.79, 96.12, 96.47, 96.36, 96.15, 94.49, 92.33, 88.43, 81.9, 76.52, 72.45, 77.53, 80.95, 86.22, 91.02, 92.45, 94.64, 96.23, 97.18, 98.21, 98.27, 98.31, 97.99, 97.93, 96.86, 96.68, 96.38, 96.62, 97.69, 96.89, 97.17, 97.75, 97.97, 97.8, 96.5, 95.58, 96.66, 94.61, 93.04, 90.48, 86.4, 78.39, 66.36, 60.56, 55.04, 54.43, 61.42, 70.66, 78.76, 81.87, 83.79, 87.0, 88.43, 89.66, 91.39, 93.36, 93.77, 94.9, 94.7, 95.31, 95.17, 92.68, 92.78, 92.96, 93.71, 92.09, 92.68, 90.34, 91.34, 87.91, 88.94, 85.78, 83.4, 82.1, 81.98, 74.04, 60.52, 54.41, 54.26, 52.8, 55.44, 57.97, 58.02, 61.73, 53.69, 50.3, 53.37, 48.65, 53.31, 47.22, 46.5, 50.73, 42.5, 37.29, 37.99, 36.11, 34.17, 33.76, 35.97, 39.84, 38.44, 45.95, 42.71, 46.45, 36.66, 42.61, 37.95, 40.53, 49.08, 41.01, 44.99, 40.18, 47.07, 49.59, 50.55, 42.19, 42.26, 38.33, 40.25, 37.85, 43.91, 35.82, 39.66, 37.7, 38.94, 37.54, 39.3, 41.24, 42.64, 45.26, 43.88, 47.76, 48.82, 46.41, 45.01, 41.36, 38.03, 45.28, 40.13, 38.5, 44.12, 35.98, 36.6, 38.34, 34.68, 37.22, 36.03, 37.24, 31.21, 34.03, 37.42, 32.79, 43.42, 38.18, 44.97, 39.7, 44.82, 39.65, 35.46, 37.1, 33.3, 35.39, 36.79, 35.64, 34.9, 35.03, 34.11, 41.24, 40.75, 39.59, 27.78, 29.02, 27.67, 29.95, 28.95, 32.53, 38.93, 33.79, 32.16, 31.55, 38.34, 33.15, 32.67, 32.86, 42.95, 41.14, 32.36, 39.32, 31.34, 33.27, 29.54, 39.89, 31.51, 32.76, 33.52, 38.3, 33.14, 33.36, 37.11, 41.11, 34.75, 34.44, 35.46, 31.58, 35.42, 36.61, 39.59, 37.06, 36.91, 39.55, 38.37, 39.85, 40.57, 42.69, 50.2, 51.26, 43.85, 45.53, 38.68, 40.16, 41.01, 37.75, 37.57, 37.91, 39.01, 34.42, 35.88, 36.86, 39.71, 40.56, 38.35, 42.02, 38.12, 39.95, 44.64, 42.49, 44.13, 36.68, 33.68, 37.04, 30.68, 47.08, 40.2, 37.24, 42.03, 38.7, 42.13, 45.69, 41.12, 40.96, 41.28, 38.08, 47.19, 40.67, 34.66, 40.43, 35.94, 34.38, 40.13, 35.63, 40.4, 39.87, 39.4, 35.53, 33.15, 38.17, 30.84, 37.75, 34.03, 36.18, 37.78, 38.25, 35.38, 37.74, 35.84, 36.54, 30.96, 36.12, 36.77, 32.39, 33.76, 29.69, 36.58, 33.96, 30.52, 35.31, 36.22, 38.09, 37.52, 39.66, 35.04, 37.63, 34.8, 33.54, 32.65, 35.21, 35.21, 31.36, 31.83, 36.74, 31.36, 31.7, 30.99, 39.56, 42.34, 32.54, 42.26, 41.09, 39.73, 39.76, 39.59, 39.85, 39.27, 40.18, 39.86, 39.89, 34.48, 37.62, 34.8, 32.83, 35.85, 34.72, 33.96, 33.28, 34.54, 32.82, 44.33, 34.5, 34.16, 30.71, 30.09, 33.18, 31.7, 38.8, 31.65, 33.89, 35.81, 30.37, 32.38, 29.39, 31.36, 32.01, 29.88, 32.81, 27.88, 28.52, 31.68, 31.98, 30.31, 30.71, 29.97, 35.38, 32.57, 33.8, 33.59, 28.33, 37.37, 37.54, 30.52, 35.74, 34.34, 32.95, 35.35, 29.44, 31.87, 30.83, 34.8, 32.51, 35.28, 35.98, 34.34, 39.33, 40.03, 35.21, 34.78, 38.88, 35.33, 34.52, 36.18, 38.8, 39.65, 42.16, 41.51, 52.09, 42.73, 43.06, 39.58, 41.13, 43.75, 40.52, 40.9, 35.69, 35.65]",61.76418685121108,
Q14494,772,"[51.07, 54.16, 58.1, 59.73, 63.18, 67.07, 59.22, 70.35, 74.8, 76.65, 81.42, 82.57, 83.1, 81.97, 80.06, 78.89, 81.66, 84.8, 80.62, 76.66, 81.46, 81.8, 64.98, 63.63, 57.38, 56.07, 53.75, 57.69, 52.09, 57.63, 52.32, 53.52, 53.22, 53.98, 51.66, 41.8, 42.16, 42.84, 43.19, 47.4, 46.01, 45.82, 46.84, 43.54, 41.16, 42.22, 43.29, 37.33, 40.36, 35.67, 40.65, 42.98, 39.38, 42.24, 40.81, 44.76, 42.87, 45.47, 49.55, 45.54, 47.63, 53.52, 54.79, 51.46, 52.89, 54.76, 57.71, 62.64, 60.74, 59.91, 64.84, 65.4, 64.54, 67.85, 68.73, 72.34, 74.01, 76.16, 77.29, 75.69, 73.91, 78.37, 81.1, 79.14, 75.07, 74.87, 76.92, 72.12, 69.37, 63.57, 60.1, 52.48, 49.01, 54.5, 53.78, 51.8, 51.27, 47.24, 55.63, 58.09, 67.95, 70.33, 69.09, 62.1, 66.35, 61.75, 64.67, 54.76, 58.32, 49.2, 42.58, 37.85, 41.63, 40.2, 37.89, 37.16, 42.27, 41.78, 38.44, 40.03, 37.79, 41.18, 37.58, 44.23, 40.53, 36.81, 40.36, 36.78, 37.26, 47.2, 39.59, 35.89, 38.01, 34.25, 34.91, 40.05, 38.92, 34.92, 36.32, 37.12, 37.23, 37.35, 29.97, 34.65, 30.23, 38.37, 32.59, 38.74, 31.58, 36.75, 39.24, 36.64, 42.2, 40.92, 43.06, 39.55, 33.84, 35.06, 38.89, 41.33, 46.48, 46.15, 41.99, 44.32, 47.63, 61.94, 76.56, 84.49, 81.49, 83.45, 87.12, 85.51, 87.03, 89.13, 83.42, 82.81, 84.98, 85.65, 78.23, 81.13, 77.04, 69.7, 69.31, 68.53, 64.67, 55.98, 57.61, 56.77, 53.53, 57.72, 57.45, 53.56, 52.67, 49.66, 58.54, 56.02, 56.62, 58.09, 62.08, 62.12, 57.51, 64.02, 63.08, 58.25, 59.18, 55.35, 57.02, 55.68, 49.55, 43.91, 39.31, 37.2, 35.56, 32.28, 32.91, 39.53, 31.53, 33.81, 34.42, 39.92, 39.59, 41.34, 41.27, 44.47, 46.49, 47.63, 47.73, 54.22, 55.82, 63.54, 65.02, 71.19, 69.5, 70.93, 70.03, 75.24, 67.07, 51.36, 46.73, 39.24, 39.63, 35.03, 40.44, 32.47, 34.34, 33.01, 35.64, 32.34, 37.07, 38.62, 44.28, 65.58, 63.81, 77.32, 71.58, 64.33, 73.83, 76.18, 73.01, 62.75, 74.45, 67.82, 60.33, 41.59, 40.74, 38.25, 36.92, 33.23, 40.14, 37.01, 35.07, 34.2, 34.85, 33.67, 34.13, 36.61, 36.71, 34.38, 39.27, 33.41, 39.17, 35.5, 37.74, 44.34, 37.54, 37.72, 35.86, 34.89, 42.62, 36.67, 29.59, 31.34, 35.83, 29.16, 29.35, 30.93, 37.2, 30.34, 37.4, 31.44, 37.29, 30.55, 33.75, 28.41, 34.57, 39.58, 44.71, 46.94, 63.76, 65.94, 78.02, 71.95, 74.15, 69.39, 73.51, 73.15, 71.16, 62.16, 62.6, 60.42, 46.8, 47.07, 40.64, 36.75, 33.6, 30.6, 34.54, 35.94, 34.87, 27.88, 35.23, 34.45, 32.64, 32.58, 39.1, 35.42, 33.55, 34.17, 31.41, 41.06, 36.86, 37.34, 33.26, 40.71, 33.3, 34.82, 35.98, 31.54, 36.14, 30.95, 37.52, 33.68, 37.89, 39.04, 38.07, 40.04, 35.04, 36.86, 38.07, 43.0, 39.4, 35.37, 35.12, 37.14, 41.89, 36.63, 34.94, 38.09, 36.88, 32.95, 33.96, 33.81, 37.5, 36.63, 29.9, 36.4, 32.41, 32.68, 29.17, 38.86, 32.46, 40.07, 34.63, 34.32, 32.68, 38.53, 35.15, 37.08, 34.89, 32.7, 31.81, 36.29, 36.3, 35.76, 34.85, 32.69, 30.37, 37.34, 33.72, 33.02, 30.7, 35.31, 30.49, 35.37, 31.51, 32.79, 32.63, 29.39, 30.29, 36.05, 30.84, 37.8, 36.38, 37.49, 35.14, 41.29, 34.44, 38.54, 39.3, 39.0, 36.48, 37.05, 34.12, 32.56, 30.32, 35.56, 33.89, 32.22, 32.26, 33.31, 32.76, 38.9, 35.48, 46.36, 43.12, 45.99, 48.04, 44.58, 43.61, 44.63, 48.88, 49.52, 62.2, 57.89, 57.44, 56.27, 59.18, 63.7, 63.52, 55.6, 62.91, 66.69, 57.77, 61.06, 59.13, 55.35, 57.61, 56.1, 52.62, 38.46, 39.96, 41.17, 47.27, 49.02, 42.28, 41.37, 45.85, 40.95, 43.91, 47.36, 44.65, 42.84, 42.5, 38.02, 36.41, 43.42, 41.1, 40.88, 42.23, 41.65, 36.7, 41.01, 35.49, 37.09, 39.01, 35.2, 42.83, 41.64, 39.17, 39.01, 34.75, 35.14, 37.76, 37.06, 36.1, 34.21, 33.05, 31.63, 31.96, 32.93, 33.19, 34.23, 38.67, 37.91, 38.21, 36.68, 38.06, 37.75, 37.42, 34.25, 37.27, 34.27, 37.92, 36.96, 35.79, 40.21, 37.98, 44.73, 42.38, 50.39, 51.59, 41.97, 46.71, 44.19, 42.1, 49.95, 36.11, 56.81, 39.6, 46.65, 45.59, 38.39, 42.97, 39.92, 41.6, 41.34, 39.15, 43.9, 40.85, 35.68, 32.49, 38.58, 35.14, 35.73, 33.46, 47.72, 37.79, 32.97, 38.63, 38.96, 35.95, 31.21, 40.16, 34.04, 43.85, 37.9, 40.83, 35.34, 41.63, 45.12, 41.36, 36.57, 33.41, 29.28, 37.57, 35.42, 32.18, 41.16, 33.4, 36.58, 45.41, 34.53, 44.2, 38.83, 42.72, 37.07, 42.14, 41.59, 45.36, 44.12, 37.41, 39.19, 39.51, 37.0, 33.47, 40.65, 37.87, 35.52, 45.75, 41.14, 36.32, 50.14, 35.1, 38.01, 41.55, 40.16, 33.97, 40.04, 39.83, 45.79, 47.99, 51.03, 49.36, 53.0, 55.2, 53.25, 57.97, 56.42, 60.02, 61.96, 68.86, 80.81, 89.39, 92.37, 91.54, 90.84, 92.25, 93.42, 91.92, 92.86, 90.78, 90.65, 91.88, 90.06, 91.57, 92.67, 92.98, 93.43, 94.46, 95.09, 94.28, 94.93, 94.68, 94.81, 94.38, 96.02, 94.99, 95.26, 93.59, 94.44, 93.03, 94.33, 91.73, 91.86, 91.09, 90.74, 92.2, 93.69, 94.32, 95.62, 95.62, 95.14, 95.1, 95.67, 95.77, 94.82, 95.92, 95.14, 95.92, 96.23, 95.12, 94.67, 95.91, 96.9, 95.51, 94.08, 96.43, 97.05, 95.88, 97.02, 97.75, 97.92, 96.49, 97.74, 97.03, 96.66, 97.1, 96.69, 95.65, 96.26, 97.05, 97.82, 97.1, 97.68, 97.66, 97.85, 97.33, 97.62, 97.58, 94.59, 96.88, 96.72, 94.09, 92.05, 96.82, 94.87, 91.4, 92.55, 93.86, 89.29, 89.41, 90.59, 87.74, 87.01, 88.83, 89.34, 91.33, 89.17, 92.55, 91.52, 89.46, 91.34, 94.99, 91.42, 88.83, 90.98, 91.81, 87.91, 87.02, 90.5, 89.61, 88.5, 85.67, 87.37, 88.38, 85.87, 83.76, 82.87, 80.49, 82.37, 81.72, 83.97, 84.1, 81.9, 80.54, 81.16, 81.93, 85.21, 86.67, 86.94, 84.63, 84.52, 83.23, 80.21, 87.02, 84.5, 86.45, 86.11, 86.65, 86.98, 85.37, 85.21, 79.29, 77.18, 69.74, 67.93, 67.57, 63.85, 62.23, 60.03, 60.29, 59.51, 58.44, 56.03, 57.7, 46.06, 54.03, 54.7, 52.12, 51.8, 55.83, 47.99]",55.14551813471502,
Q14D33,572,"[68.27, 69.77, 72.88, 74.44, 76.62, 79.29, 81.21, 83.32, 85.89, 87.85, 86.36, 86.02, 88.76, 88.56, 88.32, 85.38, 87.09, 86.73, 85.98, 82.39, 84.36, 83.06, 81.24, 86.32, 86.7, 88.74, 87.78, 88.2, 86.12, 82.01, 80.13, 69.28, 68.37, 70.91, 67.13, 64.94, 62.93, 54.88, 65.85, 59.39, 66.7, 68.37, 77.29, 77.87, 80.0, 75.68, 76.68, 74.6, 69.24, 61.71, 61.53, 66.81, 70.26, 69.31, 75.53, 76.82, 72.93, 74.86, 74.15, 72.02, 68.53, 74.17, 72.33, 64.96, 61.7, 61.87, 64.37, 66.82, 70.31, 75.86, 78.39, 83.82, 82.66, 87.39, 85.07, 86.62, 85.04, 81.85, 82.91, 83.72, 86.04, 86.98, 87.15, 87.6, 88.69, 87.04, 85.82, 79.73, 73.75, 69.07, 67.56, 63.82, 69.16, 68.92, 68.14, 65.37, 68.46, 60.11, 58.24, 55.49, 55.46, 62.03, 64.97, 68.24, 65.07, 66.23, 61.45, 57.8, 63.07, 71.48, 73.45, 71.2, 77.13, 83.49, 78.38, 78.78, 84.93, 83.92, 80.0, 79.06, 83.64, 80.91, 77.27, 76.36, 75.73, 75.99, 65.79, 59.82, 41.01, 36.52, 36.06, 33.98, 31.13, 33.68, 36.7, 35.7, 28.98, 31.12, 27.29, 30.96, 29.84, 29.26, 38.84, 40.64, 42.56, 40.21, 42.11, 37.79, 45.9, 38.79, 46.72, 37.78, 43.37, 31.09, 31.02, 30.58, 31.54, 33.34, 26.6, 32.74, 27.03, 29.32, 26.62, 26.2, 27.09, 27.56, 26.55, 28.16, 26.29, 27.58, 24.89, 30.08, 30.37, 29.12, 29.76, 26.22, 28.18, 28.28, 28.64, 27.39, 26.61, 25.84, 26.27, 25.03, 22.8, 23.73, 27.84, 22.13, 25.54, 24.35, 28.97, 28.14, 29.26, 31.22, 35.34, 27.1, 31.27, 33.56, 43.29, 53.84, 61.64, 64.36, 68.89, 72.85, 70.0, 69.5, 64.8, 62.45, 66.07, 50.79, 39.78, 32.14, 30.46, 31.32, 31.0, 31.79, 29.55, 29.25, 32.19, 30.4, 34.85, 34.68, 32.9, 45.0, 33.71, 28.21, 29.62, 26.5, 25.25, 27.99, 30.55, 26.25, 25.02, 23.73, 26.9, 25.77, 28.07, 40.75, 50.5, 59.08, 63.2, 63.85, 65.26, 68.6, 62.68, 66.23, 61.12, 56.14, 49.56, 41.34, 39.69, 35.07, 35.98, 32.82, 29.46, 26.16, 33.15, 37.6, 45.22, 49.17, 61.79, 60.34, 70.69, 71.08, 75.12, 69.95, 69.75, 65.8, 62.55, 58.37, 57.38, 39.26, 37.12, 33.76, 33.1, 31.6, 27.48, 29.63, 28.08, 32.1, 30.55, 27.03, 28.85, 26.26, 29.5, 24.96, 28.79, 29.65, 27.03, 29.63, 32.48, 25.27, 25.22, 26.36, 24.82, 26.01, 25.57, 26.91, 37.55, 32.3, 39.9, 44.78, 49.5, 51.05, 52.91, 50.13, 50.6, 50.98, 61.16, 59.95, 56.56, 53.39, 48.38, 37.76, 33.64, 38.56, 34.41, 31.57, 37.63, 41.25, 43.86, 49.14, 52.17, 51.48, 59.08, 59.41, 67.02, 61.11, 64.61, 57.95, 55.8, 51.49, 44.04, 46.8, 51.56, 57.14, 64.11, 65.46, 73.34, 66.71, 68.38, 64.64, 62.89, 58.0, 64.24, 61.43, 55.03, 57.8, 60.5, 53.67, 48.0, 47.67, 49.1, 45.32, 42.91, 35.59, 39.03, 32.99, 38.42, 31.97, 35.61, 33.69, 41.93, 45.78, 50.38, 59.84, 66.25, 70.33, 69.9, 71.98, 64.57, 63.05, 54.18, 52.02, 42.34, 40.14, 40.74, 31.91, 30.01, 26.88, 26.88, 26.73, 27.61, 29.91, 32.11, 30.98, 28.65, 33.97, 31.96, 37.48, 33.95, 31.84, 32.91, 33.65, 36.7, 31.57, 34.2, 32.53, 38.21, 34.18, 34.38, 38.94, 34.36, 33.91, 33.29, 39.3, 34.51, 32.7, 30.15, 34.16, 32.61, 30.17, 28.8, 32.52, 32.2, 30.67, 32.06, 30.65, 27.91, 24.22, 27.46, 23.57, 28.94, 30.35, 29.63, 34.15, 28.28, 32.63, 36.82, 31.93, 32.8, 34.16, 34.85, 29.6, 32.27, 29.72, 29.07, 35.12, 34.5, 31.98, 34.3, 35.59, 32.58, 37.4, 31.23, 32.09, 29.76, 27.13, 30.55, 28.64, 29.5, 29.84, 30.16, 31.98, 27.2, 32.4, 29.32, 26.43, 27.62, 24.93, 29.45, 30.33, 31.87, 32.65, 33.7, 45.23, 46.09, 45.86, 50.03, 59.87, 60.21, 70.06, 68.31, 73.85, 69.7, 68.53, 66.7, 67.55, 67.79, 63.42, 65.11, 62.1, 60.82, 54.72, 51.69, 43.38, 36.38, 31.01, 32.52, 32.24, 31.44, 32.74, 30.08, 33.79, 32.73, 30.62, 29.08, 31.39, 27.54, 26.62, 28.32, 28.51, 26.64, 27.39, 29.6, 32.36, 32.19, 31.28, 31.21, 31.27, 30.51, 32.52, 34.49, 35.01, 35.49, 38.34, 35.56, 31.73, 33.11, 34.22, 27.96, 33.48, 33.47, 37.5, 31.86, 37.85, 32.66, 36.47, 39.15, 30.5, 37.05, 29.64, 34.31, 35.89, 30.37, 39.71, 37.7, 39.46, 43.9, 53.48, 51.22, 52.81, 56.1, 70.07, 72.22, 72.43, 75.45, 81.33, 80.25, 83.36, 87.13, 87.75, 80.09, 80.99, 83.06, 84.43, 80.31, 78.28, 77.82, 75.88, 66.26, 64.9, 54.9, 50.25, 43.31, 46.88, 47.11, 38.24, 43.73, 41.31, 38.72, 38.56]",48.91763986013986,
Q15223,517,"[43.53, 40.98, 40.91, 42.56, 41.77, 44.49, 45.99, 41.63, 45.41, 46.97, 43.52, 42.16, 42.47, 41.46, 45.69, 45.37, 50.05, 50.15, 46.09, 48.89, 49.66, 50.72, 47.29, 45.87, 48.87, 49.9, 44.67, 54.13, 56.42, 59.06, 67.59, 74.22, 70.78, 69.59, 75.6, 75.6, 79.51, 88.81, 91.98, 93.04, 93.51, 95.23, 95.17, 93.83, 95.54, 96.64, 95.8, 95.99, 95.1, 94.3, 94.26, 93.4, 90.8, 84.48, 81.89, 79.78, 83.77, 83.4, 85.71, 86.51, 88.11, 90.69, 91.81, 93.93, 95.43, 96.22, 96.86, 95.6, 94.97, 91.72, 81.58, 76.19, 80.05, 85.39, 90.19, 92.65, 94.92, 95.81, 96.89, 97.13, 96.32, 95.35, 91.15, 92.08, 93.12, 93.66, 95.54, 96.24, 96.37, 95.17, 94.07, 94.2, 95.46, 93.08, 93.87, 95.99, 97.1, 96.43, 96.41, 94.96, 93.31, 92.08, 90.94, 87.97, 90.44, 93.06, 93.75, 95.72, 96.26, 96.67, 96.84, 96.95, 96.26, 96.17, 95.42, 93.68, 93.01, 93.79, 92.55, 92.1, 94.29, 95.1, 95.04, 95.5, 95.04, 94.45, 94.31, 92.24, 89.87, 91.03, 87.93, 90.12, 91.69, 90.05, 91.73, 90.38, 92.23, 93.34, 93.06, 94.58, 94.08, 95.51, 95.67, 95.99, 95.65, 97.39, 97.86, 98.04, 98.02, 97.43, 96.7, 95.19, 94.22, 91.79, 92.79, 93.19, 95.02, 94.63, 94.37, 89.64, 86.3, 87.24, 87.84, 90.61, 92.88, 94.28, 95.59, 96.78, 96.83, 97.37, 98.06, 98.22, 98.34, 98.46, 98.03, 96.84, 96.5, 96.51, 96.16, 96.64, 97.36, 97.31, 97.89, 97.42, 97.49, 97.01, 95.99, 95.22, 95.29, 92.41, 93.86, 96.06, 96.87, 96.74, 96.55, 96.8, 97.06, 97.57, 97.04, 96.17, 95.22, 93.09, 91.16, 96.22, 97.57, 98.25, 98.2, 98.31, 98.18, 97.86, 97.8, 97.18, 95.83, 96.15, 95.64, 95.08, 93.85, 93.77, 95.45, 96.19, 95.18, 96.44, 96.32, 97.06, 97.97, 97.99, 98.1, 98.28, 97.57, 96.43, 91.09, 89.94, 94.24, 96.87, 97.78, 97.83, 97.78, 96.68, 95.28, 96.18, 95.99, 95.95, 96.27, 97.05, 96.81, 96.12, 96.93, 95.73, 96.9, 97.05, 96.63, 95.58, 93.28, 93.87, 91.03, 88.63, 88.81, 90.73, 89.71, 89.07, 85.24, 88.67, 89.53, 87.69, 93.32, 95.18, 96.46, 97.04, 96.93, 96.61, 96.23, 96.13, 96.57, 97.71, 97.1, 96.81, 96.29, 95.68, 96.38, 96.75, 95.69, 95.86, 94.93, 94.5, 91.34, 85.81, 87.85, 89.22, 91.84, 90.08, 86.31, 86.53, 92.51, 92.32, 93.83, 91.81, 91.12, 94.67, 96.18, 95.22, 95.36, 93.95, 87.28, 82.09, 90.04, 91.95, 91.69, 90.08, 89.01, 91.75, 91.69, 92.53, 95.69, 95.45, 96.67, 96.49, 96.72, 97.48, 97.23, 96.43, 95.92, 94.14, 93.97, 96.2, 96.34, 96.28, 96.01, 96.17, 95.91, 95.25, 94.2, 92.3, 91.77, 89.44, 85.37, 81.66, 79.36, 71.99, 63.77, 62.23, 54.0, 59.76, 50.12, 46.64, 46.64, 43.19, 41.59, 41.98, 43.65, 50.17, 50.7, 53.08, 50.67, 51.18, 51.21, 55.34, 54.62, 49.59, 56.99, 66.33, 65.97, 74.94, 74.87, 83.93, 85.62, 88.41, 91.26, 91.22, 93.37, 93.68, 93.08, 92.89, 92.76, 92.14, 90.55, 89.04, 86.58, 87.12, 85.25, 80.3, 75.34, 63.97, 58.59, 57.87, 50.81, 47.73, 50.17, 41.71, 48.41, 46.49, 52.13, 38.38, 43.71, 43.61, 44.3, 40.09, 40.67, 38.38, 40.02, 40.76, 41.11, 39.62, 41.71, 39.3, 37.43, 42.16, 38.46, 43.47, 43.41, 54.59, 45.81, 42.32, 44.5, 40.94, 36.11, 46.02, 39.4, 42.6, 50.56, 38.66, 49.31, 45.89, 46.65, 51.98, 48.8, 45.32, 46.88, 40.42, 39.83, 44.07, 41.08, 34.18, 36.63, 39.52, 36.5, 43.47, 38.21, 41.9, 41.86, 40.61, 41.82, 41.34, 43.19, 40.49, 39.56, 37.04, 41.27, 40.86, 39.09, 42.37, 39.81, 40.57, 39.7, 33.98, 35.16, 37.81, 37.33, 45.86, 31.44, 38.9, 39.67, 36.09, 38.38, 39.17, 31.96, 35.16, 38.84, 30.12, 37.75, 36.84, 33.98, 41.88, 32.65, 34.8, 36.27, 31.36, 35.95, 32.27, 38.95, 32.65, 40.16, 36.75, 33.88, 37.73, 33.64, 40.87, 30.35, 41.18, 35.94, 40.95, 47.57, 49.55, 53.3, 51.65, 46.74, 52.71, 56.98, 58.67, 59.78, 65.86, 67.99, 71.78, 73.27, 74.05, 69.37, 75.47, 66.11, 67.19, 71.46, 66.91, 65.39, 64.66, 60.23, 57.62, 42.56, 37.72, 35.31]",75.75518375241779,
Q15555,327,"[43.63, 49.6, 47.95, 46.15, 37.28, 40.38, 38.91, 35.06, 40.1, 36.49, 38.95, 36.39, 40.62, 37.98, 43.03, 42.36, 40.5, 41.41, 40.0, 33.89, 45.61, 48.88, 50.71, 44.56, 43.11, 41.28, 43.95, 42.85, 38.88, 47.13, 38.4, 41.2, 35.94, 32.41, 31.4, 30.02, 30.91, 33.42, 37.27, 40.63, 43.46, 54.11, 63.02, 84.76, 93.2, 94.11, 94.52, 92.91, 88.75, 75.07, 70.13, 67.39, 65.28, 54.91, 58.72, 66.07, 77.96, 86.73, 90.93, 91.28, 93.25, 95.24, 95.49, 95.95, 95.85, 96.22, 96.73, 94.73, 94.46, 94.04, 91.91, 90.8, 89.49, 91.66, 93.55, 93.74, 93.57, 95.83, 95.66, 95.83, 97.24, 97.52, 96.77, 97.75, 96.9, 97.37, 98.41, 97.86, 96.4, 97.67, 97.29, 95.58, 94.87, 95.7, 94.67, 92.7, 90.72, 94.07, 96.02, 93.95, 94.04, 92.98, 95.66, 96.39, 95.22, 94.03, 92.29, 93.46, 93.2, 93.83, 95.44, 96.45, 97.71, 98.28, 98.14, 98.44, 98.38, 98.61, 98.28, 98.29, 98.46, 98.1, 97.27, 96.8, 97.15, 95.45, 94.83, 94.84, 95.0, 96.39, 94.52, 96.9, 96.94, 97.76, 97.18, 97.99, 96.95, 97.08, 98.02, 97.57, 96.19, 93.93, 92.96, 94.43, 93.45, 95.84, 96.82, 95.22, 93.96, 97.0, 96.75, 93.7, 95.68, 97.08, 95.19, 93.33, 95.73, 96.09, 93.83, 93.47, 95.28, 94.96, 91.33, 91.43, 90.67, 93.19, 94.29, 93.45, 92.43, 90.69, 91.65, 91.5, 90.39, 83.3, 71.9, 74.17, 70.16, 68.7, 74.29, 73.2, 74.1, 77.25, 69.68, 62.27, 56.46, 54.94, 52.27, 51.42, 48.78, 41.41, 46.25, 46.58, 46.3, 43.88, 44.16, 49.82, 46.24, 46.23, 45.7, 50.77, 48.16, 53.7, 46.8, 47.57, 47.68, 49.04, 51.2, 58.68, 61.31, 49.95, 55.42, 51.99, 58.21, 50.88, 51.09, 53.95, 54.1, 53.31, 52.37, 49.46, 51.69, 50.89, 48.27, 47.18, 47.49, 45.38, 39.92, 49.17, 42.92, 51.4, 52.79, 54.5, 55.81, 59.21, 60.14, 71.25, 78.77, 81.53, 82.52, 85.02, 86.53, 87.58, 86.75, 89.54, 90.49, 86.99, 90.46, 90.56, 89.95, 87.16, 91.65, 89.54, 86.84, 91.37, 91.07, 87.55, 87.97, 91.17, 91.05, 86.11, 91.21, 93.83, 91.72, 93.4, 95.47, 94.25, 93.87, 95.91, 94.98, 95.74, 95.11, 95.46, 93.55, 94.32, 91.88, 91.44, 91.97, 90.17, 89.47, 87.2, 86.76, 78.25, 69.53, 68.26, 69.65, 70.5, 82.95, 87.23, 87.56, 88.95, 87.11, 88.65, 90.04, 87.69, 90.19, 90.94, 91.15, 90.6, 90.07, 80.68, 70.63, 58.82, 56.51, 52.08, 44.81, 40.0, 42.18, 39.46, 39.76, 41.75, 37.47, 42.05, 37.13, 39.72, 36.16, 41.09, 38.73, 36.61, 39.34, 37.81, 49.34, 40.55, 39.56, 44.44, 39.91, 49.76, 44.19]",73.85654434250765,
Q15785,309,"[40.02, 46.57, 48.84, 60.63, 58.87, 64.8, 77.95, 88.83, 90.41, 90.05, 92.47, 94.1, 93.17, 94.25, 95.06, 95.79, 94.45, 95.76, 95.14, 95.59, 94.83, 94.97, 93.49, 95.41, 95.22, 94.88, 95.09, 96.87, 96.42, 96.06, 96.67, 96.38, 95.47, 95.0, 94.21, 93.76, 93.23, 91.89, 90.9, 89.17, 89.18, 84.5, 71.24, 62.16, 71.73, 86.98, 90.77, 91.23, 91.6, 93.82, 94.67, 94.6, 96.02, 97.52, 97.11, 96.63, 97.6, 97.7, 96.97, 97.22, 96.44, 94.2, 94.63, 92.32, 91.87, 94.89, 95.94, 96.01, 95.92, 97.51, 97.32, 97.09, 97.62, 97.73, 97.11, 96.46, 97.0, 95.73, 95.2, 93.61, 93.7, 92.98, 92.61, 93.18, 94.06, 95.02, 97.02, 97.44, 97.27, 97.79, 98.07, 97.74, 96.98, 97.72, 97.77, 95.71, 95.79, 96.13, 94.81, 95.46, 95.89, 95.76, 95.76, 97.27, 96.27, 95.66, 97.27, 96.71, 93.84, 94.58, 95.2, 91.19, 90.28, 89.72, 88.16, 87.2, 88.57, 90.42, 92.03, 91.96, 95.06, 92.19, 93.25, 93.55, 94.1, 92.1, 94.28, 94.86, 92.02, 93.62, 94.07, 94.46, 92.97, 92.97, 92.94, 92.24, 90.37, 88.3, 89.52, 91.18, 88.44, 87.97, 87.14, 90.05, 88.52, 86.67, 88.15, 86.15, 85.15, 86.02, 82.34, 81.23, 82.34, 79.24, 81.46, 75.89, 78.55, 68.89, 61.26, 52.37, 47.77, 33.74, 34.57, 33.16, 32.27, 33.59, 30.06, 30.17, 31.56, 29.52, 30.83, 34.31, 36.79, 30.36, 33.79, 30.05, 30.6, 32.84, 36.82, 42.23, 45.86, 47.07, 62.08, 73.18, 75.33, 81.86, 80.16, 84.31, 85.67, 86.6, 88.24, 90.07, 92.04, 91.64, 93.18, 94.45, 94.62, 94.91, 94.79, 95.71, 95.29, 96.18, 95.65, 96.29, 95.22, 94.87, 93.25, 94.45, 93.75, 94.74, 92.8, 94.71, 94.87, 94.0, 93.48, 95.22, 94.33, 92.16, 92.01, 91.98, 90.21, 84.29, 84.75, 83.81, 83.47, 86.74, 92.2, 94.01, 95.02, 96.69, 96.71, 96.53, 97.32, 97.43, 97.48, 96.78, 97.33, 96.44, 96.42, 95.06, 95.47, 93.79, 93.61, 95.75, 92.85, 95.66, 96.82, 95.74, 94.64, 96.07, 96.19, 94.77, 96.06, 94.95, 94.34, 91.93, 92.1, 93.31, 92.63, 92.39, 95.29, 95.27, 96.44, 97.47, 97.61, 97.88, 97.78, 97.58, 97.74, 97.5, 97.73, 96.42, 95.75, 95.82, 94.38, 94.15, 95.32, 94.99, 95.2, 95.84, 95.95, 95.4, 95.57, 96.19, 95.24, 94.7, 94.88, 95.65, 95.11, 93.94, 93.99, 93.36, 93.75, 93.16, 95.08, 94.74, 95.29, 95.82, 95.62, 94.43, 95.04, 94.32, 93.96, 94.1, 92.83, 91.6, 90.15, 80.33, 66.51]",87.54715210355987,
Q16543,378,"[72.77, 75.96, 78.33, 75.09, 79.46, 70.17, 69.48, 71.39, 67.89, 69.22, 64.12, 59.52, 51.59, 58.76, 62.29, 65.81, 69.17, 72.04, 78.75, 80.7, 86.54, 87.65, 85.16, 86.77, 84.59, 86.3, 87.39, 86.26, 84.38, 84.83, 87.99, 85.77, 84.73, 86.86, 87.68, 82.45, 85.03, 89.36, 87.5, 86.77, 90.12, 92.22, 90.46, 89.85, 94.06, 93.91, 93.28, 94.0, 94.46, 93.81, 92.96, 93.9, 92.95, 93.26, 92.82, 93.81, 92.2, 92.21, 93.44, 93.31, 92.14, 92.01, 91.97, 89.48, 88.82, 88.97, 87.5, 85.95, 84.31, 85.54, 81.61, 78.09, 77.65, 69.71, 66.12, 58.03, 66.37, 76.7, 81.38, 80.49, 83.32, 86.06, 86.63, 86.15, 87.48, 90.0, 90.69, 89.75, 90.41, 92.42, 92.48, 89.85, 92.93, 92.58, 91.33, 91.83, 93.9, 93.43, 91.51, 94.18, 94.3, 92.79, 91.93, 93.45, 90.23, 88.62, 90.24, 88.13, 86.88, 83.37, 81.9, 82.15, 77.05, 77.27, 76.82, 73.55, 76.74, 76.44, 75.9, 74.97, 75.3, 79.36, 81.39, 83.66, 82.12, 83.63, 79.21, 75.26, 76.67, 74.95, 65.99, 58.62, 55.47, 52.08, 49.15, 46.23, 51.33, 46.32, 56.21, 77.5, 75.65, 78.99, 83.22, 77.86, 82.17, 86.33, 84.76, 87.76, 89.56, 90.81, 90.88, 90.8, 91.26, 92.87, 92.31, 91.54, 93.7, 93.51, 94.1, 93.0, 93.19, 93.72, 92.45, 92.74, 92.27, 85.54, 88.87, 89.13, 90.58, 92.29, 92.03, 92.03, 93.45, 93.45, 93.17, 92.26, 93.59, 92.89, 91.52, 90.45, 91.72, 91.99, 90.76, 90.45, 90.86, 92.89, 93.16, 92.4, 94.45, 94.62, 94.21, 93.46, 94.6, 94.3, 93.65, 93.33, 93.87, 92.67, 92.28, 92.85, 89.94, 92.39, 89.16, 90.8, 91.82, 92.32, 92.06, 91.67, 94.2, 94.06, 93.53, 93.51, 94.59, 93.57, 92.02, 94.02, 92.86, 91.2, 92.45, 92.71, 90.65, 89.1, 90.3, 90.38, 89.9, 89.06, 87.66, 88.89, 87.78, 86.76, 89.18, 87.32, 88.04, 88.24, 90.22, 86.42, 86.86, 88.32, 87.77, 84.93, 84.78, 82.96, 83.97, 76.45, 77.21, 85.76, 84.05, 84.7, 85.28, 89.89, 89.05, 89.2, 91.35, 93.94, 92.69, 93.11, 94.77, 94.96, 94.05, 93.12, 94.9, 93.91, 93.25, 92.79, 93.12, 92.28, 92.17, 92.99, 93.45, 90.24, 90.66, 93.06, 93.04, 90.76, 89.44, 91.46, 89.88, 84.79, 87.21, 87.17, 86.05, 84.52, 80.96, 81.28, 81.04, 75.95, 76.73, 77.98, 81.59, 77.06, 78.15, 80.7, 80.66, 78.01, 81.48, 82.51, 81.55, 83.4, 85.94, 86.14, 86.08, 87.08, 84.67, 82.64, 81.92, 83.97, 84.8, 83.47, 81.25, 84.48, 87.53, 77.53, 82.92, 77.59, 81.44, 80.57, 79.26, 78.74, 84.59, 81.6, 79.9, 83.16, 84.8, 78.25, 84.05, 81.44, 82.65, 83.06, 80.55, 82.77, 85.23, 85.31, 82.16, 82.63, 83.83, 84.34, 83.24, 82.41, 82.03, 79.52, 81.77, 76.56, 73.21, 68.62, 51.92, 42.89, 47.6, 42.01, 29.75, 32.43, 29.48, 27.04, 26.47, 25.45, 26.0, 23.69, 25.41, 21.4, 43.48, 25.62, 26.68, 39.05, 26.49, 28.7, 32.21, 26.76, 36.15, 39.74, 30.33, 33.95, 28.98, 35.29, 29.32, 37.91, 30.23, 32.99, 37.96, 42.1]",80.49481481481482,
